BlockNum,Hash,PrevHash,MerkleRoot,Timestamp,Nonce,Difficulty,TxCount,TotalAmount
0,000c996e66ab070343749984556a7f1edc3e3cd9b0c88fa1abed3f562377ab93,0000000000000000000000000000000000000000000000000000000000000000,8a460f1f53ae5041387e7c5c9fe280ed031c777822af45807020108564b06bcc,2025-11-04 23:42:06,9312,3,1,50.00
1,00089b2991ffa530da740013782b3d14c19fb49eb23521ccd535ff7b4cc085e1,000c996e66ab070343749984556a7f1edc3e3cd9b0c88fa1abed3f562377ab93,2a7799346c94d732c8865466635acd231b89e29cfffed3975bec4ad5676c58f7,2025-11-04 23:42:06,14302,3,101,11420799.54
2,000ba83a4b51dbe21698a1c2e487b2ae48df6234da10975e60d057c8b47c06a6,00089b2991ffa530da740013782b3d14c19fb49eb23521ccd535ff7b4cc085e1,37c52a33f5a8846e9cde6ff2a6bbbe1c2a9e6439c104d6921246753717734fde,2025-11-04 23:42:07,6878,3,101,14352870.80
3,00010afe78d31c132fee52f5231e26b96541f1ad03c431bfef87acaa6b750b1f,000ba83a4b51dbe21698a1c2e487b2ae48df6234da10975e60d057c8b47c06a6,ba9148c9569c26a26d0c3c598f37a17224e051dda161f168819118eec86efe3e,2025-11-04 23:42:07,45,3,101,13137891.63
4,0004ab800d499f7842121a41ae4c823abc9a11236612f910804a43f7bbe44ad8,00010afe78d31c132fee52f5231e26b96541f1ad03c431bfef87acaa6b750b1f,1cfe84b8d12a42a16dec885319afb8d3695eb0ced2414de82523759818e1ec40,2025-11-04 23:42:07,915,3,101,13532024.87
5,000ff62aa84a33486d2c7b154ba6cf8f0aefd0dbaac412d4a1e67f36aef3d9e8,0004ab800d499f7842121a41ae4c823abc9a11236612f910804a43f7bbe44ad8,a52bbccd4a3342412a30776edb15ed287945c36aa8528296083d162d48e3f9f2,2025-11-04 23:42:07,377,3,101,11692229.44
6,000d980b867651201ac1ab48e822c264cc878ca986e903e22f4e931ed09bdb1e,000ff62aa84a33486d2c7b154ba6cf8f0aefd0dbaac412d4a1e67f36aef3d9e8,f89a0d7066320bee74d3e90d883d7c2d4c31d069bbf382867a0d1baf81dee5e4,2025-11-04 23:42:07,11213,3,101,14806201.08
7,0009fd2394668d2b0c8bd832da74fc92a318c8a55e6d626f897c820ccbb81b7d,000d980b867651201ac1ab48e822c264cc878ca986e903e22f4e931ed09bdb1e,2cbc7d7eedab003e6c8541d8713a0cbe3d24815bcab7991d434bbb7975d238d7,2025-11-04 23:42:07,1861,3,101,14460561.04
8,000dfef9acaccc11370b2996fa251f23b7ecc784ef1cbf904a5e4f33134e42ae,0009fd2394668d2b0c8bd832da74fc92a318c8a55e6d626f897c820ccbb81b7d,6c5f990bb5dbf5514bf8599fd8bd853a9803b06b668ce402e8fda821ba2f81e1,2025-11-04 23:42:07,397,3,101,11902375.84
9,000a5eeb13929acf8e86471502361b068d4243b095d41b3ae50050a29c011905,000dfef9acaccc11370b2996fa251f23b7ecc784ef1cbf904a5e4f33134e42ae,5321ab6bb395cf3d99d3302feaa7d3e3841c9a1a0cda3914422aa1eafde7d18b,2025-11-04 23:42:07,1214,3,101,13671572.19
10,000375f45ddebde30eef428e928657bf53564975ba0bcfe5c986e166fb65e5e5,000a5eeb13929acf8e86471502361b068d4243b095d41b3ae50050a29c011905,7e2dc55ebd1630c687227fa7ec989d5935187ce83bc160a7746f149ccb9e30a9,2025-11-04 23:42:07,864,3,101,13740374.95
11,00097ed3026c58c09499c07b805f42f4e5db39e21d20109487ca27f9938ea2cf,000375f45ddebde30eef428e928657bf53564975ba0bcfe5c986e166fb65e5e5,7943449ab9971124d93f0f0ed5484293af8dbe83ceb631080fb39b1f965e4536,2025-11-04 23:42:07,416,3,101,14308686.04
12,000c291efe6baa47aa2f5da99555128b519dc152239362899d936910b3ca57ea,00097ed3026c58c09499c07b805f42f4e5db39e21d20109487ca27f9938ea2cf,4a90dfa11655801cbf55a7103dd99c36df50a33316cd47ed5724034986494d72,2025-11-04 23:42:07,419,3,101,13498398.55
13,0000063629f4d816ee35dde18964b1aaff4f2cbf6a8015a1570ce102486e8453,000c291efe6baa47aa2f5da99555128b519dc152239362899d936910b3ca57ea,07837485b2712553f503b82171209a4edf901e642045f62e60db6b48d7e94c8b,2025-11-04 23:42:07,966,3,101,12951725.70
14,000c7f790d9c2f4d494be886cfc98f0eaad8580ff0afee990c1f1834bfb9e8b9,0000063629f4d816ee35dde18964b1aaff4f2cbf6a8015a1570ce102486e8453,77a93de4a0ffd94c31c9d7970811e04580aae8e000b33807e1593684bf818610,2025-11-04 23:42:08,4063,3,101,11903061.20
15,000e5e8a942b69e7adb73b8a8dad403c07cc65dff8c3185b96d1ba7dbf77fa95,000c7f790d9c2f4d494be886cfc98f0eaad8580ff0afee990c1f1834bfb9e8b9,89556b89aa19af53a1ea221fdbd14075eb446cdb187224dde45e3ebb7ff27aca,2025-11-04 23:42:08,70,3,101,12300315.14
16,000845317f58275169a7bc79d5f569447ce5a67f03e0f47f9192038fb703a0c1,000e5e8a942b69e7adb73b8a8dad403c07cc65dff8c3185b96d1ba7dbf77fa95,81c1531bde715f5b1f1517d597875a5ba66a661ef45f7fcfec59495beeea2b02,2025-11-04 23:42:08,10159,3,101,14477131.52
17,000cfecf89ba1659e805f0d8f896558262c508827b6b440f81060faa7f28a20c,000845317f58275169a7bc79d5f569447ce5a67f03e0f47f9192038fb703a0c1,1275db8f976ebe00bd03c84fe959157571f087d8b6459a44339630e9a06a9e91,2025-11-04 23:42:08,3474,3,101,12373267.35
18,0009d9a0a93265883e1967a5d46f96f0f9c9c1afa3e0bc409a44c20b043f750e,000cfecf89ba1659e805f0d8f896558262c508827b6b440f81060faa7f28a20c,ac86edeae58ac04596f57b00596184d82f565a1e1a265fa1d72f56c99f720ad8,2025-11-04 23:42:08,1569,3,101,14062761.62
19,000eb792e4eb6d734d45c82187371c481f401f636d14c6d0b3437244d464fd75,0009d9a0a93265883e1967a5d46f96f0f9c9c1afa3e0bc409a44c20b043f750e,981a2964c59e2454943881b41c81a0cb1f9eb647f570b9c62dd565420b588948,2025-11-04 23:42:08,6665,3,101,13367795.63
20,0006ebf74374abf80ddad240d7bfe8e4c030a834965053d926310d4e80b169fd,000eb792e4eb6d734d45c82187371c481f401f636d14c6d0b3437244d464fd75,83c17a3f99260aaa37fcc399e80702ce3025d4396962631126ba34689ac91805,2025-11-04 23:42:08,4175,3,101,12590412.75
21,000810ba217ad7952e96e382667deaef18648403b4ad7fd76ab08519c2aad3ed,0006ebf74374abf80ddad240d7bfe8e4c030a834965053d926310d4e80b169fd,2c9148ff860419e0a8e7efdde99df4adc898de70883e11a918d201eff73b8a67,2025-11-04 23:42:08,3356,3,101,12885830.18
22,000b6c2efb46443ad2a2daea13de9cad2596e5fcf8c8cbe20b8230240ebd9743,000810ba217ad7952e96e382667deaef18648403b4ad7fd76ab08519c2aad3ed,815d16b031d3cf2489167aead62f76be38596680096e06c88f6b247e514f3145,2025-11-04 23:42:09,1666,3,101,13174115.07
23,0009a8b32c1e9458b7ffd1b9d077a5fa5af779f8dbe24695fac4a267823622b1,000b6c2efb46443ad2a2daea13de9cad2596e5fcf8c8cbe20b8230240ebd9743,f3eb24b206d05eb1854b5e9747e79c80c5325e36ecca9899d26da4e841ac9fe4,2025-11-04 23:42:09,7254,3,101,12488261.17
24,0006d2c0923b7b69d288810cce80b3eae08a7a2a357e7c11945ff82cede879bf,0009a8b32c1e9458b7ffd1b9d077a5fa5af779f8dbe24695fac4a267823622b1,02432a8305190fd10cb5e13b1e1acf7ad8e903c7b182a36eaf8904a196e35e57,2025-11-04 23:42:09,653,3,101,14023398.25
25,00048cacf95f619fcd39c2acc5276cce154c3688ae43868a188f1e87abc4186f,0006d2c0923b7b69d288810cce80b3eae08a7a2a357e7c11945ff82cede879bf,ae2f94b28b9264f18bc20f780d08a17ecf4f3ed449b7e083629c1b66b3f4fe4d,2025-11-04 23:42:09,142,3,101,11973362.50
26,000c096cfa5db20473154017a27519acceefff231ce46cdd35f1f15fcc2ce579,00048cacf95f619fcd39c2acc5276cce154c3688ae43868a188f1e87abc4186f,816fb68d27a9f0eb09a1475b9035b83c7f64699241e29ee3cb9b918d45460a93,2025-11-04 23:42:09,1797,3,101,14000664.02
27,0006a34afe61585670524dffb6e48f8925684d449395e962d391a1fc62ca88ec,000c096cfa5db20473154017a27519acceefff231ce46cdd35f1f15fcc2ce579,eca695a12312cce2104ae2e5c4977d49b123a1dad2ee11173cfd0432a369c8af,2025-11-04 23:42:09,11543,3,101,14037850.28
28,0000f353acce78d0c96502eeff98de0a03b07fa60d010a87787945b4f1ee4f72,0006a34afe61585670524dffb6e48f8925684d449395e962d391a1fc62ca88ec,b6b048103e34fbc116d43dcc63ca4041f5e9f9e3a25d8579355fde4ab91a63de,2025-11-04 23:42:09,761,3,101,13444452.80
29,0006aab164af84d3b7c23ea53225cbe7c3aef61a42c26beb09ae26d0320ff9f9,0000f353acce78d0c96502eeff98de0a03b07fa60d010a87787945b4f1ee4f72,8d55cc8bc9fb766025b358b58f41c5e8581b98da0a466d70dd89fb1400635e8f,2025-11-04 23:42:09,190,3,101,12482063.96
30,000ae1e2fc3b044b9063bc6b2d8cb31a66ec29e556eca92bba314ab791a586ea,0006aab164af84d3b7c23ea53225cbe7c3aef61a42c26beb09ae26d0320ff9f9,093b780ace7e69eb26b2a8dc10bc9188e278deef475071b327aa9cab3df64673,2025-11-04 23:42:09,1326,3,101,13167854.45
31,00084820799f5e2f5ee387b1d37cc2971de071de1472ea82effbf44c6a206a98,000ae1e2fc3b044b9063bc6b2d8cb31a66ec29e556eca92bba314ab791a586ea,c32c8fb2b6c882af5c890b45f55bf4714dfe4c03fc5304b04f6d8e39f221f486,2025-11-04 23:42:09,10462,3,101,14824139.54
32,00059e7770033eafd17f7d35e708bb2c0c58684cebd63c7624b88ff1cb87faa2,00084820799f5e2f5ee387b1d37cc2971de071de1472ea82effbf44c6a206a98,5b9d853da75f341a186a7b66137395bb5fab18f8843202eca6d8e2cfd2aa0b78,2025-11-04 23:42:10,3619,3,101,12200013.88
33,000bcfbb51c535c5c6af7cb74f18045b21477fb1b4231ddfaa40954584890567,00059e7770033eafd17f7d35e708bb2c0c58684cebd63c7624b88ff1cb87faa2,b8f958d58178c55cfd63e3fe94aca8ce7535b3dd276f2791fc62b0f19d5609c1,2025-11-04 23:42:10,1976,3,101,13724561.87
34,00069d924c06fb2a38ecf61f1302c133c24220a43ae4101a52914aee202872c5,000bcfbb51c535c5c6af7cb74f18045b21477fb1b4231ddfaa40954584890567,ca278d876bd794ae115a328e98597597bfa28aa21938b34f790d0fc25efbf5c1,2025-11-04 23:42:10,1507,3,101,13168351.98
35,000aba50e5aa210a57a1acb561c1a85f2d11c83c3728c704dd16d156f4a1592f,00069d924c06fb2a38ecf61f1302c133c24220a43ae4101a52914aee202872c5,f2688e1246a173e898fa97e5714febf9b68e829b031ebee20912daf41420f55b,2025-11-04 23:42:10,6953,3,101,11759828.39
36,0002f0ddfc3df2bc249285c26d23049ee67765e1d03777702fdf621c2b45cfaf,000aba50e5aa210a57a1acb561c1a85f2d11c83c3728c704dd16d156f4a1592f,e6b2cfd3bcf568638a6d7a662462da4dd6914c89b595a3da06f2a6f086c03aab,2025-11-04 23:42:10,2606,3,101,14084335.33
37,000b507c3f194f2602ab6bdd2c98c8a972059c86184f673b139641ea60be7be5,0002f0ddfc3df2bc249285c26d23049ee67765e1d03777702fdf621c2b45cfaf,1e219aa999c4b55c14522b2304e31e03c41f404eeed55a6b47160eb6152e7219,2025-11-04 23:42:10,2832,3,101,10608254.90
38,00037a0aa21f57902988382389e14e927342cda2edda0ee2b45f1038c16d48b3,000b507c3f194f2602ab6bdd2c98c8a972059c86184f673b139641ea60be7be5,3f7cb477e3840262ca56108e3e998eb4d44a365ac57406e947b3f7205f7fd0a5,2025-11-04 23:42:10,2382,3,101,13129996.50
39,000246fdc95bec5ab69325c8eca6ef837048b1a92e7ea3bc5e735103b4d84400,00037a0aa21f57902988382389e14e927342cda2edda0ee2b45f1038c16d48b3,788005874411a7afe68b73f19b86bdcd5a352df84375bac14c20080d4b298963,2025-11-04 23:42:10,2266,3,101,12794547.72
40,000c254038ed0f48441ac4afa503f3883a2de98929d9218528fa49dc0b6d8354,000246fdc95bec5ab69325c8eca6ef837048b1a92e7ea3bc5e735103b4d84400,7c9fdf836187615d7b8de18882692d5e822e333f9c1c6ab502d1661629233c79,2025-11-04 23:42:10,1790,3,101,13167720.75
41,000604065ce4e637e62ac72e9d9278197053946d7d3ed5070d9eec7cff4bf4b6,000c254038ed0f48441ac4afa503f3883a2de98929d9218528fa49dc0b6d8354,d355a6e5729f4c6188e48578b2cc40236fb8adac033741dad75d76ea1ddac36f,2025-11-04 23:42:11,4735,3,101,16238378.20
42,000b4bd2121613cff571ec5dd36a85cf8b4f8a8dc08f7187999a60f4a24b5f1d,000604065ce4e637e62ac72e9d9278197053946d7d3ed5070d9eec7cff4bf4b6,85c782f9b5cd22ee9d191865a1cea997e8350d8ed0668d94064c97e610ec15ac,2025-11-04 23:42:11,1065,3,101,12808574.76
43,000a31daa033c8600b42beb35702f61bdda7b22d88f81b2e98a6d4053aa6413e,000b4bd2121613cff571ec5dd36a85cf8b4f8a8dc08f7187999a60f4a24b5f1d,073be5b96302241ad6f2e7c0e7f887619c826abb9eea51f8f9b6f3736e0d39c9,2025-11-04 23:42:11,7608,3,101,12441203.10
44,0007e8b6c1c76c2b9e1d0a83b6e69e9af1a618234878a8374db90e28b6291a5f,000a31daa033c8600b42beb35702f61bdda7b22d88f81b2e98a6d4053aa6413e,283c5ea411e065c25dee01cb016da2f35ee6322a71eeb205d95597eb693628cf,2025-11-04 23:42:11,1263,3,101,12832198.57
45,0009513ddd3854be7a86f6b37c81bf28f0d68b6d27abb34a1d1ea67104a09a7b,0007e8b6c1c76c2b9e1d0a83b6e69e9af1a618234878a8374db90e28b6291a5f,a5f21d430e62e9cf92b42c9f9444ba22dfdf6353ff8b34db0af44fbc42c92ee4,2025-11-04 23:42:11,2170,3,101,13272080.56
46,000d00adc104e2203cdc895f614051287a8d36dc28c5073f47e640c8667a85ba,0009513ddd3854be7a86f6b37c81bf28f0d68b6d27abb34a1d1ea67104a09a7b,a82e132574580a1b43a74c1029f4d6e7ce24d348916b0719015dec6d78fea936,2025-11-04 23:42:11,3583,3,101,13701403.37
47,00003e4a9b1d89b6704e87f90c63c4a715bac03f8e4ad40a456eefc22b772eab,000d00adc104e2203cdc895f614051287a8d36dc28c5073f47e640c8667a85ba,6ee5231fbf3533dc41d5bce9e228d648f183617527aa10b1fe8d4c30b62d7fcc,2025-11-04 23:42:11,5008,3,101,12647157.19
48,0001ccc771cf1e62dae4831460e1758b6f82118bd6f01970214faf4845b197fe,00003e4a9b1d89b6704e87f90c63c4a715bac03f8e4ad40a456eefc22b772eab,72080a7b7b047f18741c4bb11dc475ce3061276225c7376532d3f6f471da44aa,2025-11-04 23:42:11,895,3,101,14170424.11
49,000f80725fba722f329f51423b54cef3807863a11616fb568c4b4e8e29bd467e,0001ccc771cf1e62dae4831460e1758b6f82118bd6f01970214faf4845b197fe,0faa287469ad7e5304726978e09120f00a3d5574f8ee82be5c96d9a3b68933ca,2025-11-04 23:42:11,2687,3,101,12267140.61
50,000c1596f013373bf3de731e1e38663632ba29117cfa5947bce4fa8f4c056ef9,000f80725fba722f329f51423b54cef3807863a11616fb568c4b4e8e29bd467e,d8ff2f9c714fb13948ab87b7e5d2d8978e4b2b873fddab509a774ce106c9066c,2025-11-04 23:42:11,2833,3,101,13136233.93
51,000e6fbf166ac1e2ef4f11abc6dd67300191d96d9f0c2ce26d7e5cdb19d8071c,000c1596f013373bf3de731e1e38663632ba29117cfa5947bce4fa8f4c056ef9,ed3bc43af16e09aa976a27b5437d37f33ed7bf0201b295858b615e9efde63fdd,2025-11-04 23:42:12,4345,3,101,12059160.51
52,000fa99d56eb4dcadbd197dff7ad0b80c985b17f548b7a774585521202e48be7,000e6fbf166ac1e2ef4f11abc6dd67300191d96d9f0c2ce26d7e5cdb19d8071c,9ad144719ddece63e4f5ecfafed0b06f50d1ad209f5c78d5b024b47beac21506,2025-11-04 23:42:12,447,3,101,14354526.00
53,000448c19a5d44274761c5c2b9f6740138259f176b46a32e779a94a7211ccf6c,000fa99d56eb4dcadbd197dff7ad0b80c985b17f548b7a774585521202e48be7,7b00963aee5d3ba608cea929614bf521c66e55b6aaffccd8ae47de4dc1b6abdb,2025-11-04 23:42:12,611,3,101,13602708.40
54,000cb954b1a7708bd511c40b2669234227dc56b3aac338c4888bf9ba39a80234,000448c19a5d44274761c5c2b9f6740138259f176b46a32e779a94a7211ccf6c,0e5df65ae9e947d3c04c929ef6960a075e4abb090a2819690e79d6835f7442e4,2025-11-04 23:42:12,633,3,101,13726113.76
55,00074c76c27ad9b8284b7024ce230a75279ddd07a6a1528e9d895de8d85d5917,000cb954b1a7708bd511c40b2669234227dc56b3aac338c4888bf9ba39a80234,9a46666567bdb8a908a70267462d59e840b5cef9772e7a37fda51cde783b589c,2025-11-04 23:42:12,975,3,101,15615035.51
56,000f37427e18250d895a8357f9885f57253de936640141e1fbb7a995f7c28153,00074c76c27ad9b8284b7024ce230a75279ddd07a6a1528e9d895de8d85d5917,456461801b7ffae06ed1b54ae92af483c310539f8530eac654a2ad53da1a3d3f,2025-11-04 23:42:12,9357,3,101,12949886.45
57,0009d42fc7564084b2134f475a62a8676d35527499dd020e7c5e18ebb510bb89,000f37427e18250d895a8357f9885f57253de936640141e1fbb7a995f7c28153,f45e594c0b40307eec98e7b3214cb9265a2167704f3bf88059fccea7d5d88e1f,2025-11-04 23:42:12,3274,3,101,14086441.97
58,00045dd338e921c6420186fd66648b79cdd3c76d2addd085071d467afaa3d6f1,0009d42fc7564084b2134f475a62a8676d35527499dd020e7c5e18ebb510bb89,407aed0d306c4a6c21319f1d989cd353ab7d4ec4e6179e445a88f69606e64709,2025-11-04 23:42:12,16137,3,101,12968329.33
59,0000bc2eaf4d51737fab81dd306ae11cd02f107c18ce727fb6b819047b30698b,00045dd338e921c6420186fd66648b79cdd3c76d2addd085071d467afaa3d6f1,d2a08ccbe36f4ebf31f15b4759fcfb75c2db16a498b94fd531edad1afb273323,2025-11-04 23:42:12,78,3,101,12460222.56
60,000cddc3fe0a8b7fed2aee1e4559f86e79a623de91ca93d820accecf0c7924e3,0000bc2eaf4d51737fab81dd306ae11cd02f107c18ce727fb6b819047b30698b,5ccbad11c19fef8023d856f21dc3a892b07647d9c5ade613c88e087fca55c908,2025-11-04 23:42:13,10070,3,101,12792065.49
61,000aa85e1aa5896291717d836c33b08307366f7e747dad69109e723e3468588a,000cddc3fe0a8b7fed2aee1e4559f86e79a623de91ca93d820accecf0c7924e3,58f6616fa80566fda10460b484abb447592a085c210f48ee0a815508e99ff6bd,2025-11-04 23:42:13,8076,3,101,13637920.30
62,0001b41f5d22d451af9e9cba461fe2b8d3bd859c00cae7a308957720f574bcc7,000aa85e1aa5896291717d836c33b08307366f7e747dad69109e723e3468588a,5c1a4d19fb6ed23256bc26043020b43fddc84415fb7cfb6a3bfbdf9ca828b9ec,2025-11-04 23:42:13,982,3,101,11339194.12
63,0001d1915f2e16bbb94cefd49b6b9f9b185eaa63f5885d4664bd58743c826198,0001b41f5d22d451af9e9cba461fe2b8d3bd859c00cae7a308957720f574bcc7,6fb758bcf429467d219d2432ab4961b20ce30476ab4f30b19305aea804fc3be8,2025-11-04 23:42:13,372,3,101,13222709.82
64,00029cf94b892b101360235101d24e95210c34e19a176792e4d026d121a072db,0001d1915f2e16bbb94cefd49b6b9f9b185eaa63f5885d4664bd58743c826198,415f49bad3d2d6392e40377a9b1404bc1dd063fddc0c75f0ea9c7e7c72cd1796,2025-11-04 23:42:13,441,3,101,11517192.37
65,0005d8d1ec832dd0c8bf5719863398f830681de0f21920eb66305d386eab625f,00029cf94b892b101360235101d24e95210c34e19a176792e4d026d121a072db,cdbf59d919eac396e7520f33126db58a57ab4a9f578453042299555a88c5fe9b,2025-11-04 23:42:13,4084,3,101,14120096.39
66,00015b734b76e6bc1c44c8655297798bf5f21e435b0190f8af80f9a02f1368c6,0005d8d1ec832dd0c8bf5719863398f830681de0f21920eb66305d386eab625f,de1376b8e007800f59bc07b5543382b73a100e1d2492046bcd67dc89ccc9a3b4,2025-11-04 23:42:13,8421,3,101,16258841.60
67,0001738697d32808a907a54d24d00a5b72c0559d0de887913f86cc475ce8d7b5,00015b734b76e6bc1c44c8655297798bf5f21e435b0190f8af80f9a02f1368c6,dcad761016ac7916f151bd6b87e04eae89a3d9a028307307f81506e7c78fbd36,2025-11-04 23:42:14,15114,3,101,14566180.10
68,0003e0b67dd5bd13631b8b80bedbc53d97965eaa421bd6c9c76c2d8eb736128b,0001738697d32808a907a54d24d00a5b72c0559d0de887913f86cc475ce8d7b5,f5fc2c91a7d0d7e007fcaeac46eb10bdc93c0ace0fb9db0c26552de606509e40,2025-11-04 23:42:14,9146,3,101,15371503.62
69,0004714c2e80f4541a0e98df9600c9815852465731a35ed69461f64540efff91,0003e0b67dd5bd13631b8b80bedbc53d97965eaa421bd6c9c76c2d8eb736128b,c0f15486999a485bbe2e08600bc047f306539efa135b3f7d7cb2cfc52ea9f699,2025-11-04 23:42:15,5330,3,101,12364684.71
70,000dec9ca78ac6a27e1a81fd69e02794a1d7b1f19fbb9cf5ffaa920b0c8da729,0004714c2e80f4541a0e98df9600c9815852465731a35ed69461f64540efff91,1939354d1e4687da8293ab49285f4481debec1f1ae1cb2f9aca6bea42ee9b9a2,2025-11-04 23:42:15,1909,3,101,12066622.33
71,000f9fd3989d76153634cb66d1bcecef24f8dba08b26d9e120c3be68cb107188,000dec9ca78ac6a27e1a81fd69e02794a1d7b1f19fbb9cf5ffaa920b0c8da729,5c945c514016f6454d3f06f7b5ec7025ab8dd6dd7a26e23c3b60c7cb5b527875,2025-11-04 23:42:15,2560,3,101,13062712.87
72,0004eee2569a6d8ee9091eeb698100290171d41269fd28f51bb76496ad85f56c,000f9fd3989d76153634cb66d1bcecef24f8dba08b26d9e120c3be68cb107188,b36b5236a9506e220ab6b49b967a62ce35262cf0129a06a27a1b4fdd4e2aab35,2025-11-04 23:42:15,3952,3,101,12321936.35
73,000a9c0988419e3c69bf6b3b861ede26e5fc6f64e9e0224ba9a3a00f99082d56,0004eee2569a6d8ee9091eeb698100290171d41269fd28f51bb76496ad85f56c,3548b6f730ff1a100f4640ec612cbfe852789a2a1bb1960c6fd59567a50cf801,2025-11-04 23:42:15,1512,3,101,13884819.53
74,000a3fd7bc6f5abd548823bf9d01ae02c8faf891168d51ded8c412a03775c510,000a9c0988419e3c69bf6b3b861ede26e5fc6f64e9e0224ba9a3a00f99082d56,9a72a6f14a45f131246c4821a0864a8fcbee1f2525f63548b700761ca4704057,2025-11-04 23:42:15,6564,3,101,13156381.73
75,00068b7c0adace85adb43a068554be1a0a505f3ade323c78bec960fb63929f69,000a3fd7bc6f5abd548823bf9d01ae02c8faf891168d51ded8c412a03775c510,84934bb12f730efccf8267087770aa781e10a41666ca9fef8f5b8c493f13318b,2025-11-04 23:42:16,3494,3,101,13576393.08
76,00043f21d173b43f2286579dcfccfe66f84e703e161c2c49eade45868e43fa52,00068b7c0adace85adb43a068554be1a0a505f3ade323c78bec960fb63929f69,2cd691f0e650bc172cff68934710c0ca240ba3b4c732722346cff660da7c3cbd,2025-11-04 23:42:16,10256,3,101,12568374.58
77,000cc3e43c7ef2476caa7efa16dba98c7c3e827ed4a5fbdc04c0919b245371ca,00043f21d173b43f2286579dcfccfe66f84e703e161c2c49eade45868e43fa52,450bc84e5fca662ccce3f9d8c102ff6ccfd5d5262f55e61a0eda2d00abd06bbf,2025-11-04 23:42:16,3074,3,101,14883342.96
78,000d4e60a35568dd3b15434b984b77fa34691ede0ca98e446f5c82e9187d90d8,000cc3e43c7ef2476caa7efa16dba98c7c3e827ed4a5fbdc04c0919b245371ca,540a157696c7adbb0a60f96f6a38db5a73c379258ea422e8d3825704fca9bfb9,2025-11-04 23:42:17,3928,3,101,13159872.05
79,00003721f90977cbb32a5b4279c434b67f348a255fbbf459725cb70bdf5ba0ea,000d4e60a35568dd3b15434b984b77fa34691ede0ca98e446f5c82e9187d90d8,23624dbf436a805195f3e378c6bf77f3fd2f00a965d08e949593be131ac7626d,2025-11-04 23:42:17,3453,3,101,12957649.53
80,0007256d99de02cea666e30a63434541541816a1f22a14e6bab550581dc16d1d,00003721f90977cbb32a5b4279c434b67f348a255fbbf459725cb70bdf5ba0ea,e3cc380755468c09210ed091c16da3823698f8c3b131f2a3a469a6b4935ccf5f,2025-11-04 23:42:17,6322,3,101,15399798.79
81,0004f8dfeda22517a9437d2d6b6cbe2a2362d576c944b7c96b0918bd80506521,0007256d99de02cea666e30a63434541541816a1f22a14e6bab550581dc16d1d,3f96b00d4ecf657baef93f19b406310995e9a5690c23d9089ed06eb31abc5e45,2025-11-04 23:42:17,3226,3,101,15079987.73
82,000fbc54a6e04a60a9b259797da6ed7c96783fed00578c064a1481e58a1b7281,0004f8dfeda22517a9437d2d6b6cbe2a2362d576c944b7c96b0918bd80506521,e22d014fbb9bd8f28a067c53a99337a51605ca8524c42c3606c10958c6a6fca7,2025-11-04 23:42:18,3681,3,101,15798968.66
83,000ef4d44746c200f8e2f6c1660108281b82e0b6433e496d96adc98bd5f9d95c,000fbc54a6e04a60a9b259797da6ed7c96783fed00578c064a1481e58a1b7281,ddd4056ede9132815306358908a610403c56a23f12c4fa76691a7dfe0a59906d,2025-11-04 23:42:18,2628,3,101,12739658.15
84,000a1474e7288e25bbe26a2e9c98389041b54b23891cff8bf2df2d1a92428acc,000ef4d44746c200f8e2f6c1660108281b82e0b6433e496d96adc98bd5f9d95c,9bb66d30f8f74d09a31dd7b3d504f79940389c277214a23c8703cf8ad990283c,2025-11-04 23:42:18,460,3,101,15401395.91
85,000d04852a9c4c9e61265db1298542cd4937dee3a8fbc5908c5fed9637295952,000a1474e7288e25bbe26a2e9c98389041b54b23891cff8bf2df2d1a92428acc,3bce00c03076e4b41f222f58184e952fd0798066b5f80fdec665e57f5d404fcc,2025-11-04 23:42:18,631,3,101,13461568.29
86,000461f18ce69401de67a9f3ca20b53e7309e75eda3779cd353771bd1dffc7f9,000d04852a9c4c9e61265db1298542cd4937dee3a8fbc5908c5fed9637295952,32db05381fa4966aadf3e65939e9c84ea69a6fb18896dff2b03533292024866c,2025-11-04 23:42:18,4235,3,101,14117561.33
87,0008cce65dc234d6c3715476176ef8ef0c2ec9857e49310a4389b6daa7014852,000461f18ce69401de67a9f3ca20b53e7309e75eda3779cd353771bd1dffc7f9,24d45523f5d9a083d102d2f40f1f15849fbb598e7f1f5f71a46649020420c8e5,2025-11-04 23:42:18,3832,3,101,13859007.80
88,0001e48fe995f99babba29377c5c9fb81420742d3373c12fb4398cfc7d9887e0,0008cce65dc234d6c3715476176ef8ef0c2ec9857e49310a4389b6daa7014852,38d1d2b2a8b20dbc88859d924656a2dc0c3e104b2e6700d44a66a0d06dbf4304,2025-11-04 23:42:19,4848,3,101,12222754.36
89,000d5fd64835c1e1615be103a94e382de24c59cd725114549218c6bda0e677df,0001e48fe995f99babba29377c5c9fb81420742d3373c12fb4398cfc7d9887e0,d0bf730a4714291cb5faf219e922ddd868388a645072d3af984250867dce1ea8,2025-11-04 23:42:19,4615,3,101,13593512.23
90,0002595548bca3409fa1cc46f7a7d8f6685dd74117a1b0cac9724ac551c1458a,000d5fd64835c1e1615be103a94e382de24c59cd725114549218c6bda0e677df,6829038d172cad93c1956db25accbecf978e64e24da2bb2b706c5ea6be2bd41a,2025-11-04 23:42:19,4274,3,101,13327402.84
91,000294c1d5d7a490c54eee57a29344211de9fb87491c9720adf0c3a95a19750f,0002595548bca3409fa1cc46f7a7d8f6685dd74117a1b0cac9724ac551c1458a,2ac4dcd309a940f182bcf44a11cd466c64252fbd297c59832d228044bd5f0f35,2025-11-04 23:42:20,293,3,101,13607868.32
92,0005a21c73ec581cbd291ca49de209cbc154da0bb9b04f37aabe460a8530d289,000294c1d5d7a490c54eee57a29344211de9fb87491c9720adf0c3a95a19750f,cc058145fb4ca3c806a9686cef6788756cefb37261dac933b45c247ee56c9318,2025-11-04 23:42:20,1870,3,101,13398733.29
93,000e945e3fb88e1cc362f9efbe0e2a270a085ac385b1b2f70180ae3516689aa9,0005a21c73ec581cbd291ca49de209cbc154da0bb9b04f37aabe460a8530d289,589591ce9d47e7a575887af8c7a500441c5df6e224cf62395d50a3850ce06c28,2025-11-04 23:42:21,912,3,101,12605087.80
94,0006213a4ead84ccd5640c7820a93edbfd01567ca1e4168742a2629bf5f31eb7,000e945e3fb88e1cc362f9efbe0e2a270a085ac385b1b2f70180ae3516689aa9,44c74cb87680f4cc15c2a71e9ccfe2574f9c6fb09decc0a70f0f65044c948f73,2025-11-04 23:42:21,4879,3,101,12510873.60
95,000675e8cc5119522940e6bd30b96ef649fcf6406da8b1997f3844fb5fb595ab,0006213a4ead84ccd5640c7820a93edbfd01567ca1e4168742a2629bf5f31eb7,a3f8d071ed328cc6fea60147ffa4726b420fc12f81b7cf3a2a275a3c4e7404a0,2025-11-04 23:42:22,226,3,101,13042737.41
96,00026fbf5b53d530a7b5a664589b54e7368874b77831ef770bec7c6b46baf744,000675e8cc5119522940e6bd30b96ef649fcf6406da8b1997f3844fb5fb595ab,53996b36240beabd5499d496ba124ecda6897cfb423d5e77a3384402c7b7d1c9,2025-11-04 23:42:22,491,3,101,12978232.23
97,00038bca3f70f354e8ce3528bfac35f9be5c9f48beb18cc8d2ff0a46863fde13,00026fbf5b53d530a7b5a664589b54e7368874b77831ef770bec7c6b46baf744,93b3713b5b7ea7daa0b4b3872b1cca6098d90552ab6882824f031cab9e53fd48,2025-11-04 23:42:22,2532,3,101,13914114.78
98,000190861ad02532d451a37e1451f4537dd29682d0ac1be74a6a2b443e304a76,00038bca3f70f354e8ce3528bfac35f9be5c9f48beb18cc8d2ff0a46863fde13,9d74d4b993600809bb6fb9b9a3a9dbeabe2250799f392f3f0d0b618b78711a4e,2025-11-04 23:42:22,4519,3,101,12649426.15
99,000ce84728e512746a371a26b7c1ad43f4e3cec60b312120033637232aa706a8,000190861ad02532d451a37e1451f4537dd29682d0ac1be74a6a2b443e304a76,e3e76028326e3fe8eacac6e1411159c0e84fb3903d78d5bb162373326a9c3743,2025-11-04 23:42:22,5418,3,101,12864169.26
100,00061718c0c0f3a26903168b7b9e0cf3155a84ece3ba421327bb3e1c4201f1d0,000ce84728e512746a371a26b7c1ad43f4e3cec60b312120033637232aa706a8,9d7809507afcb7d3dcee3ca7267ab7cc9e8f591e3c8c932fafeadcd6f60dd188,2025-11-04 23:42:22,1761,3,101,13179441.36
