Name,PublicKey,Balance,UTXO_Count
Patricija0,0x1d0f0b37c52dfd614501902212234ec01c57ee03,434718.28,6
Jokubas1,0x7af4c349fe11f42485ea0cb5c52baf4ad5327965,997228.72,8
Matas2,0xade6429b8558d363c896bd4b5a583dffec1f907c,4262.83,1
Laura3,0xc531ac7856751753fa19cbe77dd048d9de4e0162,85845.09,3
Margarita4,0xb189d4f2ae3f26fd1cb79b8a843eb707127692cd,517525.52,4
Paulius5,0x5ee38e80f66763365c74c524ba72a40d5db45a11,344133.79,8
Rasa6,0x4ec5a4715a7bce4ad8591db27b4ad62f59e6ff42,267338.73,4
Patricija7,0x3c3fd76983d4600209d91e836b7722ee25ab4189,647322.93,8
Egle8,0x0b49a2da8185644810fc1fc6bb9fb752f08a3117,295270.54,7
Ona9,0x4d5bbd5c0c753e3dc7f80c2c8678f20ae9e1ae9c,38810.56,1
Andrius10,0x826d9fa2d0c1011cc95d354c46cabc6744c77af6,667615.83,8
Matas11,0xd428a0b53a3381efdc5835fbf9e26831b0dae3f0,116226.16,4
Ona12,0x3195bca35b8a6cb2a0dcbe28a4bccfe5c30fa4f6,916390.40,9
Mantas13,0x62f301455af2334fda081a7843910f6c2a8943f1,468508.63,7
Tomas14,0xa84c3f9521e62c901e139d4a2502d91b427c3c9d,41610.24,1
Matas15,0xe6346d096422d80078b124cb1cae1601cf68549b,787877.48,8
Rokas16,0x74b54dcc65ddad662c11ac0298cb6efb38bb9d19,91408.16,2
Andrius17,0x40deb26afbd2207562ab88e80657f143c6838680,22065.73,1
Tomas18,0xd5523050fbcdeb631279f985e87e7c104fda2582,1253301.46,12
Andrius19,0x27d680cda2462fb7a0034a7e0d167750723606d0,429174.41,3
Rokas20,0x5d39b4f14c32e148e5a6b0c8c50ac60b875420da,644179.54,9
Tomas21,0xd8982710cbc04d980482e460909af67f563100d3,143084.48,2
Gabija22,0x6c7767244b20efcd19e9faafcdd4ddbd4dc50058,112994.81,2
Vytautas23,0xffbdbddc6861f26de0b9e009a546d939cb8df3cf,194336.95,5
Vytautas24,0xb79fd6259770e36f017be641b23a027b9046be05,1680413.91,12
Mantas25,0x4fe526246bf7c432e01d971245ea07b7253b2a31,175791.45,2
Patricija26,0x73e87f98ca996effe5e78f478f9a5dbdb4ec840e,49874.36,1
Jokubas27,0xfaa2db90551b8d98214c75ec156f47cd73980ecd,188744.52,2
Indre28,0x920c56cd247c054a6843affed5c2b4029f0bc28e,134612.53,3
Mantas29,0x5ec3913e7aef717370f9c25b7bbfdc98fdaf8692,1040435.22,9
Matas30,0x5af675c2d8c9405d589466378e8d46cba98b7933,336736.95,7
Vytautas31,0xc0419ce14c602079fa706764f3ff1d56916f4e5a,10796.99,1
Rasa32,0xe69bdf9e454a6bb788c00f77ecb57efcc3bacf93,19091.77,1
Indre33,0x5f8bc33fc792fd15a51fbb89bb0e7d508d6124c7,293213.89,2
Lukas34,0x865c6eb9ff76f09ab480f07068ad689728e941b2,465018.26,4
Matas35,0x019c8659fe61c5bb87dd960de484dd3763f001b8,317338.89,1
Lukas36,0xf08684a19385cb0896f0b88522cc37dbdc3b2410,46744.32,1
Mantas37,0xf30c13bd285e32fd3ce53e651eabf1f890ab36aa,215813.70,4
Vanesa38,0x64b23ccf5ea9ed46e428a1ac38d207677f36cc8b,759925.15,4
Vanesa39,0x2c35e0c07f18735d17840e69f2f7086737c9f67c,739796.18,9
Indre40,0x84ba87c56dba5d9c8e5bfb77d0aa42dd2b35cd3c,573601.81,6
Laura41,0xe9693bac5acb24c701db0bdcf626357a1c0feb9b,38247.78,3
Vanesa42,0xe887dc0e17e6e0e71d5160f62b8594a6cd955208,226644.83,5
Vanesa43,0xdbaab71c5e37d9f142e6fa9f31b4145d5b1c3346,371525.18,4
Tomas44,0xdf3bf33261cbfd5daeefbdf9b13c561a2c4dd468,5616.44,1
Matas45,0xfd6efa93d2e3fd7344806a5c9dc9048bb51e2c87,62136.83,2
Ona46,0xdbfa631858d0647facbe24285b40edf30304586a,621240.64,6
Tomas47,0x1d7a2d9853f12b7b87e1d2678a86830c58cfb41f,603424.28,8
Matas48,0x5e3ac891569fb54d1df58d59442beede7a3142ba,165179.01,3
Vytautas49,0x5d1d4248f31ce1cd4c7e9f0afb08f4cae8d3c686,681377.40,7
Indre50,0x78660e57597dc4b671c320324bfd104bff2a714a,67462.11,1
Egle51,0x1655e9e76b001f21e67b4c71e27d5df1b055cae1,102590.83,3
Marija52,0x6e5659d169d5ede136061e2d7008757c228c3302,753680.70,7
Tomas53,0x25706604e227e51e8c43b4cf6f3a816b64a63c03,405033.02,5
Lukas54,0x6d805b619009b727d0fa91b3c9ae63262da0ccc9,354835.59,4
Mantas55,0x545c62ac50647ad21690f5328f861f1b91549033,218436.00,4
Indre56,0x522399d7b6cb6f47542d599b5ef402226b1ac9b9,315288.60,3
Vytautas57,0x4e6b4bdd717fc421a83de79db7cd02ee0f328f47,197551.41,4
Paulius58,0x6c8d3f7887f85ec0a8ef193606cf212fd6b5b0c1,1145685.38,10
Lukas59,0xa28eafde59c255e7cdbb9970970110eac3abb62c,808618.18,8
Tomas60,0xb2a724c836a364312ae6d34ee04520d097041e15,401148.14,5
Rasa61,0x00f9c70186d8dc55476e0c8599be6e7ec70c37cc,205535.11,3
Laura62,0xe3abda207fcff3e7fab245f54ac5d15d5b518718,891787.91,6
Lukas63,0x8093da9aef7524d167eb472d111147c93a07be0b,934431.62,6
Mantas64,0xba9a593971f929bc249faa56869a2865162320f6,134818.53,3
Ona65,0x56cb5c66a0d2795df7c1532b5e8c050187307d56,298746.07,3
Rokas66,0xf8e8a50cc82a359e7005ac762db00eab5c2ca33c,528733.08,8
Vakare67,0xae600f884e0e702074ecf0cc569ed3639a19436b,195298.49,1
Paulius68,0xe5b239f71be061fab341d6fba5703e7535c8c77f,875919.48,7
Margarita69,0x8f946273bf0e607d66de8cbadc0c9f45fda88b68,123971.81,3
Rasa70,0x12b42d0c8d7efc9363b25c063506e9ad9a05bf2b,62755.76,1
Indre71,0x90b8472a0d4ed9756ee887b7e989819c85f94e04,667325.40,5
Egle72,0x7fb514770db6ad810af3a3357ebf2199b7a08fed,296660.83,3
Vytautas73,0xad565b2b7f65ff8f9abf20618009f861a05baaae,91707.97,1
Egle74,0xe52d13faaf42295378a26ce6da4b66dc7b7ef2ab,419467.86,5
Vytautas75,0xd104808aff89af6940eae6b96757c0d54d3b36eb,565577.91,5
Lukas76,0x3f38929914cc5a06ccccba21bb08d3a56a20df79,248271.95,5
Vakare77,0x8e2c62cd73b617cdafffdd839770586f7c3f61a0,164283.83,4
Vanesa78,0x08bdab28bf226447d34168ba79d951d57a04e342,781586.24,13
Margarita79,0x65adb76c6a6ab265cd73b7e68cd16bc70786fad8,711080.15,5
Indre80,0x27e22fef2c7470eddf74fc8ce4e0eab50c93035d,77421.51,3
Mantas81,0xb1f1b07d623e569115d0d0f2839e91c7e714eb02,895977.39,10
Ona82,0x00c361d683fa3d73abad0ebc5d8ffd2c147fe9e0,880111.30,9
Indre83,0x39100521b8fa4a2a6d5efe471d79f56ea898eaef,1267089.94,13
Rasa84,0x7e1a7a828cd341bb139827337cc2674c0b025eb0,424232.41,5
Ona85,0x31f2a58c4860dacfa5b3f90d817ba5a224024034,1281390.99,12
Margarita86,0x03537c7c3fe8ce4dd44fcaa1aa299a4cd0622550,13118.87,1
Laura87,0x9b86322271ebabdba18440512d550ba7cc55ebd3,431784.34,4
Lukas88,0xd6b205e925e7022692fa62ba9b0272e90732d92b,570721.28,2
Vytautas89,0x228f2f166e689fffac0db75f036f8a9f927ddf5e,903794.43,10
Paulius90,0x92d7297fbcd9f46e4e85395ec5761f8eaee020bd,69574.56,2
Ona91,0x510c1cb537f1a8f3c4dff75f3d0f70836a0f75af,418391.99,4
Gabija92,0x0aa665764b2b5a93e8420bb03e7671fc9859c2b2,470321.41,6
Gabija93,0x6718056c7cfcfcb61fd3929d96146bf81c16a3e4,25589.34,1
Matas94,0x39e6ee8cb63de2ee527c79bd9b996008ff3384fa,128311.59,1
Vytautas95,0x79ba008068510c58a6fa70ff36fe9373fea7308d,1112932.02,11
Ona96,0xb4ab6166cd5891a3f2b131b02a2f21900d6674de,102943.11,1
Egle97,0x47a1a1564bb20e21d42f637425aa7c01e7b5f9c1,353380.50,6
Mantas98,0xa346b1a68b9dd6e67286d276d06e6d78855dc2ee,1390703.65,8
Vakare99,0x8dde891e81687e4f6e70cdd7ea039a17268cb6dc,826534.49,10
Ona100,0x437b2d05dd5dca20fcf448fa1ae6f4cc31baa8f6,164711.62,2
Vakare101,0x60b2a065cbd182fc7f684582540ccb93ca5413d1,214401.28,2
Marija102,0x9c1b928d36fdfcb6d811da5ec3b4857970d0b912,300964.77,2
Egle103,0xb7f4a4c7e8022d18715dd6206af0b87de9677dba,282835.85,3
Lukas104,0x13cf05fdd9273e73fc86152608a3dcd0fffec23c,811263.07,8
Lukas105,0x8278a204eef63ec406ac6dbd0bef9ecbef875cb1,230232.71,4
Paulius106,0x5dfc377e0caa1e22b29e6c089bdd9b88875eeb8f,750811.82,6
Margarita107,0xe1fb333edca505d4a4fa6b149eae3fb644ba6973,577012.59,8
Marija108,0x1464c296afb0f7354bdfaf12f7df182cd8b27211,325089.46,5
Gabija109,0x5b4e7e648a8f967f789a131736873ae59c18218a,948990.64,7
Tomas110,0xb38f4145ef129e15d340ddc3ef3ef27eb59b81e6,144727.21,2
Marija111,0x04d18ba6da8b365af09d72111f8b73116e7f409f,91666.76,2
Laura112,0xbc54c424d07b5c457e9c9f8b229e738850a2af15,157120.36,2
Tomas113,0x17817b1883f0bb6f3abdfd61d92dd713f3604933,325174.66,4
Vytautas114,0x8072bdba185d22092ab334c9515b006a27e0dce4,92970.09,3
Vytautas115,0xc2846ab2331022d7afb8e7857b116dd347debea7,165399.86,2
Rasa116,0x6f56539fb9bc5496011a6e3b60bc50c3ec9f7282,77168.49,3
Gabija117,0xb5f0625799bcdbd4a626183e45a8a8fad8c34282,903574.32,9
Indre118,0xbf7758159880e5f06dd1ac6c12ae3ac6107f2847,281954.67,4
Margarita119,0x04d02541a4e0a843682869bf57af0873952d5502,905332.49,9
Marija120,0x6d1b15da34cdae93ad101c43a076819ddf34a238,41715.66,1
Vakare121,0x9c7082b24355681845019621ae28dee13ba7d8f9,424331.01,4
Rokas122,0x758ebaf018aa6f4444ea590d9be1374d226b74e5,674688.06,5
Rasa123,0xebe470b45f1a91284a22208254775103ac9b73ac,1247206.38,11
Andrius124,0xb6ca5fc4eba5f745733cf78a295629d27a8c92af,35324.95,1
Tomas125,0x444037cd14d7fc72dcad528de087ccdeebf0f05d,162195.85,4
Paulius126,0xc85784b923864cdb3aa7ceda8d5f8f5f6261a747,435509.18,5
Jokubas127,0xe480a8dc699cdaea8a90fbac290942b1727b14f6,1039227.67,10
Rasa128,0xc3892c1677b65f04192ecd9d5c41f59865a5119b,200314.31,3
Vytautas129,0x75a7d3dfb307429bb6a195e2de036b40953d36d9,910428.13,7
Tomas130,0x832f2937fdbf49c22329f92a875b8f803281b4f7,87449.98,1
Paulius131,0x7115c2734a380a902027ad3c86b8fc054e8e507c,13603.29,2
Ona132,0x6cf7d5855a63d98ca977e58ec4a95d0ddf4e2cb2,34086.51,1
Marija133,0xaeeecb2e0907d7889afa6d6da5e6b5a7ed16808e,135533.39,2
Vytautas134,0x7b3384046d25e4569318dd1df3fd6fcdbce0470e,355721.33,5
Matas135,0xd0dc2d58eba30e7a66c01823e47160c31b74b7c4,1100731.37,9
Marija136,0xb849320ef957f9c9c6e64f914f2dd03b110878fb,1220593.50,11
Vakare137,0x23083d1ce0d804633b2bdc533c6180826fc524e8,1510283.12,12
Laura138,0xdf2c10070f4869835c65ad31d160a924758494f9,1494812.86,12
Egle139,0x8a3b382e142c5ba9edd54a829d4f30d0096cbba4,264068.94,2
Matas140,0x9afdef2cb6f399f600dcae3ab269c658fdc1f45b,585866.96,7
Rasa141,0xaf082e68fc19e4aaea337f99f393b5a478aa2b27,730029.26,4
Indre142,0xb081ff887e54963f488c6b17383f3d6476c973e8,1485708.77,10
Margarita143,0x427324b251032d9ec165abad342f57efb2744ad5,214477.13,4
Tomas144,0xb676c868b607abc2b468acfd5e9e8e1cd56d38a1,140749.05,4
Egle145,0x79dd0f18c80ee56c836987d4aea433ada040f269,340072.22,7
Jokubas146,0xdf30674b3af094d8a9f0c94468ff0374ca17859d,19885.33,1
Egle147,0x69523581160bdacaee8c3df6302e78de444678dd,51824.12,1
Laura148,0x7697183834a55efe3ad2fed04e2ee5c5b4e3cb3b,696316.61,5
Vytautas149,0xa2dfcd51d528f1dc9245471c76105e915aa7573f,1766.20,1
Andrius150,0x798abc977501a331d71d8a04b399cddb247e65f5,72831.04,2
Vytautas151,0x263334acbeebe374fa33c5e0295a044cb6fb4670,1140078.72,9
Laura152,0xccdae72f6ed421e653b8a68c1fc3d6766ce53af6,197463.70,3
Andrius153,0xdfe7ca1848d9779b520f5a6e8c6b6a71dab8ae87,123985.35,2
Mantas154,0x02f86eb25edf8c678177b476c32eb69f2dea1c97,1156663.12,10
Ona155,0xa52545dff179a77f304338ec5b94925ed583e91d,28862.41,1
Patricija156,0x0b633288ed615c9e42349ad922b43564caa52f36,554232.56,5
Matas157,0xb0ad9cb649ce1a1e4aef4e8796cdcfcd7d665eeb,483577.40,6
Margarita158,0x30ac0134ac565ef4e5035142a9eb17114c166e8b,458835.85,4
Rokas159,0x6f07f3096431132ed03db1dbe2ea68c3ae6a00af,531897.26,6
Egle160,0xe6cd85c6d58bd313a5c3229d6fda8457c722aa14,360753.58,8
Ona161,0x1a7735c0a5f4101f1d61d44a5873987b48200b2b,39965.80,2
Vytautas162,0x61086c8f48cd04bb4dafcf30184761044d1f3b70,186404.45,3
Paulius163,0x09b1736c15d47b847f3f46284328d3bf1ca07464,86625.62,2
Rasa164,0x376be35428b83061f9c5f59f915dfd98a3dc72b5,443165.39,9
Rasa165,0xc6f78b51822d6ef530c02df8406019dac28fdf76,309644.82,6
Margarita166,0xd763109c30f86a779fe4991dad3dc6c0aabaedb0,344826.41,3
Andrius167,0x9b2c44207711492a4e82e72b536ace6677f5f8c9,1410046.76,12
Patricija168,0x440b5a7d3d4e9d7eb04dcb18e57c10e5fdc6fed6,343679.98,3
Rasa169,0xe2e092b6cdb729633386f79bbcbfa41d14af8600,303811.90,3
Rokas170,0xa78d04bbfbf3b88583c3f97ae798b85f33f4487e,1137153.06,8
Matas171,0x7fb9045e35d8dce18b2abab4c10714005a81de5e,1777730.74,12
Vanesa172,0xd6818da77dc760c8f9e9c70d4418f9ffc3d1844b,978787.69,4
Vytautas173,0x1e9a5970ff1afb77b3f7dfc4fa6ee34d153835e7,755520.61,9
Gabija174,0x07396e0a61bc9747208a847012b4cacc5a869efc,87599.50,2
Matas175,0x520129e29b768ef779c1b9ad0c413ce9e928347c,767357.07,11
Vakare176,0x19f1db834d8248d4beab53f46517cd50539c68e2,267262.81,4
Matas177,0x2706e795909c9659c1f400ea6cea78a3b91d984f,761882.98,6
Ona178,0x05db2097f99ec4ba2f90ec7a6ecd88f3b9f22a8c,671242.03,8
Matas179,0x44d528b83384afa0c23f044527429d30e0b63de3,423406.45,3
Vanesa180,0xe2a7481e55317e5398ecc4fb44dc1917a306c5d5,210728.56,5
Vakare181,0x9af499937bc0faacac0971904794bdd29ade34b4,324983.01,9
Gabija182,0x57fe3ae7a905677f7d27db2a5362cce2373c9b68,958459.50,8
Vytautas183,0x53a1e96fb4e8929a45894e7980be6cdea66d28e7,1462535.48,9
Rasa184,0xd15de540a9399370e912b104f545858732bca1c9,258937.82,2
Vanesa185,0xe7a225339e7f188e47a8215e3209511cce93cbdd,130149.61,2
Matas186,0x40208aa08fde7c03e1e25066a55ffe90c439c91d,1503153.17,14
Egle187,0xae6e33d29c7e328dbd7c837e9fe5aefaa4fe155a,1485683.76,10
Mantas188,0x5d146ae94580adba68fff084226d1336dfbac5c3,621099.78,5
Marija189,0x084bba72b71b7552abdeee1e24cf06dd1e2e78e9,900585.80,7
Lukas190,0x79765a2378c7509d7afca227210abed8d3ac61e9,65783.19,2
Rokas191,0xc1e0aad267a9587f50cc006270eff94c532f23c8,22382.00,2
Indre192,0xf89f6b866bfae28393e970d829c3bf4bcb860280,525269.47,5
Ona193,0x865b3a3f0827f0b3de4e1b59ecd55f69d0b4695a,103584.88,3
Vakare194,0xc7a194fa0c2adb29565c08989defe6c5465bb465,438761.81,6
Matas195,0xc6985ea566da93e6792c23c438f79aeeb4f75216,10419.94,1
Tomas196,0x80d8755e7e1f2e1078af7c2455eb861b08b9384b,855061.37,10
Vanesa197,0xb1cc991b53b1f1b832527b2de917ad26d48d521b,677325.19,8
Rasa198,0x7278350dab181e99a08528d27117fdbbb82125d7,238895.46,2
Indre199,0x3895aae7a56f1e1b21f1775b5cd3c850f1974643,607152.69,3
Marija200,0x23f5259886e7846f50c9f6f7a44244e62b3bdfd3,14026.55,1
Gabija201,0x0d44810a2b04b24ba587c67d2426c8c895ae1493,184981.90,5
Vytautas202,0x93e8690b82ef8b63599c53c58ee39a444221d048,744324.79,4
Andrius203,0x1f2db25328f0c8c1b1bd14f2df6a2fc2a1173f68,541009.31,5
Vytautas204,0x6553f32eb45a3fbd182d302a57d7a8355685d9b4,381464.65,5
Vanesa205,0x29e527e50e955422b03d9458f20ec0dc8a938c49,317423.10,5
Ona206,0xba21295b729ddced4d7ccca7f44ed337d7ad3788,842836.71,11
Paulius207,0x31a91f45db00f5f4acc902cf8c6a8692a953d628,27205.76,1
Patricija208,0x0efc4e6153e93fe008b5003759d798e608ef66c5,14679.20,1
Vanesa209,0x03bd8696c09198ac545b27924d7b2f907d3f5f14,527892.25,6
Mantas210,0x4e86c63d3d78f726d5961567ffd3bab01f01b3e8,700678.06,8
Laura211,0xc1a4a9eeb41e6c2d6587335fb07f3461466c483d,176723.23,2
Vakare212,0x4c624ed81877111d34dbd9a9a13fc1866bd6085e,324677.54,5
Jokubas213,0x598ea8d5b45df842fc474ff7d70dcb3a007f4044,810938.72,8
Ona214,0x529dfc04c08b108a8a955055310fc317a315fc93,639189.17,4
Gabija215,0x9efbd80ef0c1cf1da2446e5fbe480255ef8f5a65,77121.19,1
Ona216,0xe269b6187b444281e6b5a0aa88452b5aa9606dc7,615474.66,7
Indre217,0xbe98640795f35bd0dd90c0230e9fa61620154709,565406.04,4
Vakare218,0x54ccbc70e913366781ae72343fefa69ef26075c9,587489.13,7
Andrius219,0x6b132b014d2dc030e2cd1bdf3bbcc4b73a181f53,190807.11,2
Margarita220,0xe70cacb439aba953bdf6c4688c86d83f6350146d,174493.44,3
Margarita221,0x9c17065ab4acc44e20265a309bf6ad2c7c3f8fc3,66058.60,1
Gabija222,0x8af9088429c097d7ca3d9ffd53ab466e6b2e44a2,314528.30,3
Vytautas223,0x36959e74c13aea95f333c8409bb2c9981fc7121d,201459.43,3
Vakare224,0x8afc04a1db5f710e3e6b6c2dea0d8c764df3254c,760903.80,7
Mantas225,0xcf8950e1b7e20b79c6d6eff3e3c7e36d3d7fec76,93710.25,3
Vakare226,0x9d0bf5a46abdc92d915604d400307eea41d0d379,898154.77,8
Gabija227,0xa5f337204ca6bda1a31a083cf21df8a8fcb60377,417259.02,4
Vakare228,0x13d442a200a1d69692e59ef4761b1ab823cfd415,884596.79,8
Lukas229,0xc1e0420ed59b01d7f1a6f4d33612462b785ca2ad,378529.49,5
Vytautas230,0xcb9474d8d2292858bf904cb2faa648a5a0ab4a6c,650023.05,6
Lukas231,0xa3cc2f6281e9271bf8abe826259fcdd68989f282,147802.42,3
Egle232,0x88ee8415a3ef67315dcd31cc1226614eddf71988,478824.17,4
Patricija233,0x8cf90e95874f5a84caedc55354f94a2774ffafe7,570286.46,11
Paulius234,0xa7bf8e671f2b37c3a6eabe71097c827ee0cf3985,1406121.45,11
Vytautas235,0x305f295bc2ab2e66b96ef536da6ebe47b11a2e0e,687036.37,10
Vakare236,0xfd55be0ab6e66ff1cc7c20d4c6bf6bc6e412c1ff,331648.01,5
Marija237,0x3305c2839af9ff714197c24a692ce38fe30c5e77,607957.16,7
Tomas238,0xc13932a7acb3a8f74229f1c909763d9853c03ca8,6412.72,1
Andrius239,0x6107db4e0cdd64821d44eaab6b47f4e9b4a52c4e,862559.54,7
Vakare240,0x32d91b3f937bf1b55f5bfccac8fd6a3f8daf1e87,135892.46,2
Rasa241,0x6fd0b52ffa85bce0cca461455e7d93eab754de95,165545.67,1
Margarita242,0x10be5cc1a3b39c357ab6067512ce27155aac1055,1215339.10,12
Jokubas243,0x4e97195d0d52bbed3df0cd819312dcbb359c5d14,158127.47,5
Matas244,0x882e6d8a8e7b405087610d6336379e3e286d4470,299035.11,2
Indre245,0x295d169c2f4b748b75d68a40cf80bc7e9464619b,695739.33,7
Andrius246,0x66b2893f84011a9e85af757ef5d57011ae0a1649,947240.19,11
Marija247,0x2ef205bc41cc4c67dbb2bc59aed2162a34ff5afc,1295467.63,9
Vytautas248,0x9aabc5fe65996d008eb4905b65533f57654b9ae3,251986.57,2
Matas249,0x32d49428600e8b0fdd9d87c5e26b9998f8f86b7a,120039.21,4
Marija250,0x3163a50de2f3600d09e965b28ba1a9a4ed996466,433539.07,6
Patricija251,0x6519a848994b59e96ea6a66b5b8b8185eeb3fc3f,174996.35,5
Tomas252,0x875d920cff96df2d49665a6910b2695e23d352a5,139168.31,2
Andrius253,0x0eabdc49c5f44ff18969cf5d1a3afb2462478999,460415.95,5
Rokas254,0x86e1d6cd1356329ed0ec9402e72558aabf5d6686,26753.66,1
Rokas255,0x8cbf7ccac31c596a6df94cd82a629e3b03d81f2b,883395.45,6
Rokas256,0xddb8ac7fd98056cccc39f87cb9643829193f0bf8,30515.19,1
Jokubas257,0xf3891996329f8bf91d89857c619478aae7930bbe,95955.06,2
Paulius258,0xa104f1b5267ae77cb109883fc27c74a761abda09,13144.86,1
Paulius259,0xb05b1889497355e7dbbe5e936c3cea019074f69a,420265.63,5
Rasa260,0x466b6b23d83678f1f891118f03767499dd192852,200833.96,5
Margarita261,0xd870c398a9dffb7e411b01aae74148d1d43e2de5,369785.65,5
Mantas262,0xaf8bd5883bd11779ff3c6b7ae5affece9b588194,1105414.80,8
Jokubas263,0x5ed276b341e1f485a4acb1f1a15a4ce52f9716d3,141719.36,3
Margarita264,0x4b816aebe795131aa6cdfe97dace9d6b38a23772,665806.73,6
Margarita265,0x5aafc6f6a0f9592b6ad57012c27d6f181c5f2706,437126.54,7
Andrius266,0x7385092b40ac70598dd8a0156e34e22f14d98088,839570.73,7
Ona267,0x8d6ae0fea95d877f7bbba0a504e42a02a70c42a4,174924.33,2
Indre268,0xa8354eda412efa2cc694a5e3325ecceb42bc778c,279848.35,5
Jokubas269,0xbe12a6a77d43a9ce15ee5d9e649d729edd4a5bb9,275912.72,2
Ona270,0x04158555a3b5b9c6e630b4dad78f47f8ea3e299b,782283.23,10
Patricija271,0x0cdc1b11718c2928291c7b78d5f530a0570a70a3,30955.11,2
Laura272,0x6fb8a2e9241427645cb0ee6eac1c521847bf8cbf,222829.69,2
Vytautas273,0x290892c0e88c63c54b5da0ea85d1051d3c665877,1768755.03,14
Vytautas274,0x465fb5536e9af6dc4150b40727c863d8460a537b,923211.42,12
Tomas275,0x64caf5fcdffeac35c649a32176840b5a64290905,86920.36,2
Vytautas276,0x0ee7e4d88212b7d0d25a931ad3f7bbfe8da1c416,660767.45,6
Patricija277,0xc1921e104b6fe7a8abc4f0382e6e0c30464a9e9f,194353.12,2
Jokubas278,0xe8cec3954a2d1d9c3e38605bea0f70d24006a769,36190.52,1
Laura279,0x60a6998b08d9cc6babfe4ba629424abd5da5fd12,132544.16,2
Rasa280,0x8af28ff61eb4aee3258509677134233404d19135,219400.31,2
Patricija281,0x35bf15b86971deb2d3c7bd357fd03aba73e86a1a,1135285.59,7
Gabija282,0x6111a892371dddaf53f322531a14dd6d2dd0a2d7,71481.03,3
Rokas283,0xcc539500270f7ac2f1b25327650f9318e6aa1f12,772336.71,9
Vanesa284,0x797465d83abbbb5106c51b26c54c26d0ff4fd190,362158.34,5
Lukas285,0xe8a971c04b810db5e9d6d4c159b616bb2b2898f9,462127.05,7
Tomas286,0xb826f10d49a3549d71a68a2c3621f1493ae00e9c,340086.66,5
Indre287,0x490151221a6fcf987899de076fc366455d46e604,53201.95,2
Matas288,0x29ff46a1ce0891d0e59f0aa7395a9da41e2d8551,259251.94,4
Indre289,0x61a7cad5fda15114f28b7439168e140176b0594c,974902.52,6
Lukas290,0xa40b7d4b09f59d66efec2d0c411ae493c51c6fdb,1019358.82,10
Marija291,0x4705f6e00bf26908dc4c0910b237cb1a800f4fcf,166059.46,1
Tomas292,0x4a6ce23c8e975ba7dfcb69f5d70c06868db2182f,116903.67,2
Marija293,0xef67abc0476ccdfad2e0a5979a834a5d337d9141,229021.25,7
Rokas294,0x9ec24873d3dae977349a7a44d9a01a45b62840c4,874030.10,4
Indre295,0x0a978c1e8496b8f78550e831a2ac9e2e156981f8,495180.48,5
Paulius296,0x1c7be23fa63daaf850874449f89001042f6bf831,350072.50,4
Laura297,0xf917e1e85b9b49bb357b399efc19805b6b006c2a,396420.93,2
Vanesa298,0x1cdcec507b86be91ce84644f131f57368f0cf707,394064.40,4
Indre299,0x937a4dbe8f25f6a21a9c3990c7933c6a1a2f940d,399819.31,4
Margarita300,0x4e3d3df0285a52a6c5bb0bd87001967321ccf341,1078718.07,10
Ona301,0x2ed8a36aa662315fff90ab5978a8c24dec08ecce,379343.93,3
Vanesa302,0x3e4446e2723c009f4b1f3bff28e458f08b805216,190830.63,3
Paulius303,0x50e60842cdd3fb208cb471a4dd08211c798bc0fe,158776.13,3
Laura304,0x833bd033e758a79ed3ca01df250e6fa692fa7011,1202449.96,9
Egle305,0x5989a9e3eebf7d83baee1f499008b4ed8880acf0,57070.55,1
Vakare306,0xea3bdaa546cc22bac50ac5f75be36056a183fc43,1670989.14,11
Rokas307,0x0f3ed986a54f32f6145a39eea1ed229a4d6d4f58,145235.80,3
Patricija308,0x5254e17194d8b58b437eb6463205770b7a00c74e,814081.64,7
Vytautas309,0x9ce1d75dc20846b0f6d19248e3b3cccc6030508a,3788.71,1
Margarita310,0x3f91e0ee31f8c26ef8d88122c61e5ec2c0435f58,171628.11,1
Lukas311,0x4e92c2c84e64616d62cf4acc07cbc925ad21d694,1175345.91,11
Rasa312,0xf27e891a36dc8394cbf975321d6f5c7588550c23,305765.56,3
Margarita313,0xfa305366ae67daa54ef31f5a8bd426349a95494d,270579.00,3
Tomas314,0x3759bf430e58f06898a51fe7d343c6ab3e92d06b,856778.58,8
Matas315,0xd107927b346b538d710d67d5238e2e8ef5ee62d7,688370.11,13
Tomas316,0x029c321f5b67e1290a508609cb6428003c738ce6,55872.32,3
Paulius317,0xc5559a92b9a097282a5702c96503ec3520e18d06,1113043.14,8
Egle318,0x0878c30f26293e25dc96f2eb6b28314672c20581,1091672.78,11
Indre319,0x8dcc714e331cb647d47b3ecc4d27a2ed51be984f,229630.49,1
Vytautas320,0x0c5db162e0fcb6795b97e4ad705afa786e7f2700,674543.61,3
Patricija321,0x3ba6f5973f49e269ec9945a03d94e44adbffc095,610080.84,4
Mantas322,0xdc4f15de57cd11941450c9e4b5ded5a5c2412aa9,446481.14,5
Rasa323,0xd5ad7cd854008f229004f95275148c42094ad4ff,907329.09,8
Patricija324,0x7750ff10f0a641b1ab4499097955c9bb4070da9d,665339.53,4
Patricija325,0xa07d9cc2e90eb8adde128fc787e5ac308deabc06,1913353.34,13
Laura326,0x6e3c2ef0b791f7f7cb2de45cb089a9ff0195b63b,442736.03,5
Vakare327,0x9587dc302730007d71de0aaa90e3faadaadd5fe4,1150825.16,11
Vytautas328,0x60e8b9bb631f8c5a74969e539a2c14cb91e866b6,224823.58,1
Rasa329,0x2bafa1780d48b0fb460fd80dc8adcd830c740abd,92874.44,2
Mantas330,0xbb5adab0a5cc7cbc97b1e394dec97754f8a0e4df,1143690.13,8
Tomas331,0x950c84c71cf9a8ec4d304d952be24d611f3f29d5,196894.77,3
Andrius332,0x247992abdb6908e04cd985a6e8f2283e67b2cc29,217210.03,4
Patricija333,0x5218e7d10db4e36214f2f24d6e9c0dfaff43c2e3,1289201.16,12
Jokubas334,0x6fc3c4abde950ab194a636b36bdf719baaa05db8,29684.62,1
Rokas335,0x5a7ecf9bfd0b9ec95beeb879ecf85df6c31b592a,165773.16,2
Laura336,0x51a466ee9d3bd165e1e93cd54319b7559ea9bee1,88177.79,2
Marija337,0x16bfe585c08e20ac05ffcf23c9a59a587ddf45ec,464265.66,6
Ona338,0xae972e4e218f5793ec528f4ebe1fa7e3d1fb4588,1742597.75,15
Andrius339,0x6751baf6280ccd446638cd759f1c32027bfc438b,52563.12,3
Vanesa340,0xa5401c3d8aa4809f96424b1597add8244aed8b18,374160.81,5
Lukas341,0xc2e62e9c4514cff70072e7fc60b6420216bb25ec,693242.11,10
Mantas342,0xe7a899ac99a8b225c1da4b0c32ccac9c34347627,722462.02,9
Mantas343,0x45c1cacbe8a45965387f533e55d08da973c3e5f7,558023.02,3
Rasa344,0x46083a318ac64c92c3a3308a1b355748a4b89a00,79524.82,1
Lukas345,0x2e7d53ae2fbc489c55cbdd8821a941dfe7ae7f24,265711.16,2
Rokas346,0x4f4058e0b6df845e52991160efdc9ec0af9875f0,712392.46,7
Gabija347,0x19d6c9545b9b0905449dcce92d505bc3211a84d6,218180.84,2
Matas348,0xf1f5c6da510ba521eba1532505e778d89a84022e,243081.66,2
Gabija349,0x2832e5cea58a672eb44153c964e22017a06822d3,276784.17,7
Tomas350,0xb14f35ef227d83d0d17284972cd06e8e92b0d2af,220308.99,6
Tomas351,0x60f8d0dc1e9c4f8bd44962a8725d43baf1b290eb,363082.37,6
Rokas352,0x91e7871211b5febd6977f03c5fde1ccf2eec3836,916455.43,10
Ona353,0x6d133bfb8da4ab68dc2da6fc5a9fe76481b0ca80,226607.13,4
Lukas354,0xac2d2b5f25ad4c4b7c1b007f033a5f88f73229dd,1499130.74,15
Marija355,0x3e30a8fa8be32199f529ea168c70aca7710863c1,185826.92,2
Matas356,0xfa06ccf124a52ca3b1d58c59f3d55393a19d4abb,235322.09,3
Indre357,0x98419d7b06a9f220d17caeaf4274d0a0e9ebf73f,525293.58,4
Mantas358,0xd039c7cf91f626e5d1f7d022739d06ba1c44dfe0,1038336.61,6
Ona359,0x5f532e9addd951a7cacfb01dd9d28d713c44f744,600800.06,7
Ona360,0x4c245a6931601ff885732fff256e73d6fd3648c2,286616.78,3
Ona361,0x70f16d637dd63b108a4bb78ce8f67e0e86240f04,860061.99,6
Margarita362,0x842019f6a6047fd621d4d4ed10f0da2eb7f436e9,338021.26,3
Marija363,0x875d552ee857069578da9daf98b477ae9a98ddb8,304856.67,5
Indre364,0x68a0a196bcdb8f2c16052be31d4cb5bbfea0a4d5,742204.73,12
Paulius365,0xdebd249743ac2ed0f4fec9c849e5cb9965080791,141805.39,3
Indre366,0xb402638cb7bb6caa3ce91e48a10b49f6908fa430,955154.11,9
Margarita367,0xf594599bec28f0e7c573aed689795a868ef1a239,775857.55,10
Matas368,0x2aa181ea85962cc55ef5780b720472bfefde45ca,1087908.28,8
Indre369,0x52d006c01394cc6721120ab368525228b01385c2,1060539.95,8
Rasa370,0xd40a9c563769204c4e135585751b6a01aefd1df2,282364.40,7
Ona371,0x310c337ba5ee75ee09d13de586c36750ba2bf99d,109416.87,2
Lukas372,0xb4dca99934810bbe56a200d0a19c2ed27aa2f0bf,86719.45,3
Lukas373,0x9a6aeaa02a0865582325285deab67e5957648e14,293967.06,5
Marija374,0xb64babd9bd775a5c6099fb90592a170517c0433b,2255620.23,13
Egle375,0xbc5206792b2d773bb803a56920050c6a5661dd5b,469421.07,4
Matas376,0x15da6adfcc92a267f8157539570a6f556685d1ec,58549.17,1
Patricija377,0x3c8f2b560a6072ee8a1f21690106d93594d4b5cd,1307710.12,9
Rokas378,0xf37642b4dc248e443f6fb43a84fc15ef4e45f185,388665.97,3
Ona379,0x2b1beb06d0d8b199299d567b8e102e35c5ad91c3,132241.43,2
Egle380,0x7a754372f6982d9747d10c76e36742f609ba0691,1689052.18,13
Patricija381,0x82616b6fc95b06f051140e9a2abce9f69d8439af,661969.30,11
Rasa382,0x11d06b17c8ece4324ddc25eed0c8c6d16e2f9911,2092635.30,15
Marija383,0xb41d1107acb95e5a692832b24031d8def286e26a,24916.05,2
Egle384,0x18979fa574493125d8f89346e827f8f5cfc60fe7,103193.89,2
Vytautas385,0x71ac08621791d2251f4eea49c190448bfafa653a,740555.28,5
Egle386,0xaff0ca98f99750f6b0b70c44ee72bd0dc8a0e760,226046.58,6
Jokubas387,0x60c0846c9c068bd97e3641a2228f8fd67aff232a,1201297.89,13
Marija388,0x1d7ecc299a9a2fcc47fa24e90c2118c80430864f,356182.95,3
Jokubas389,0x77a651b7160978f5098e89bdd10f4529c56b0ddc,646523.45,7
Andrius390,0xe85c814adb59cb484151cb1d635746bfa29159d2,145320.01,1
Patricija391,0x6a57629740c7cc4eee5d74c86a0b1294890853e2,1336923.94,14
Margarita392,0x0f6d3def0a2d2bc84fe00b40675ce80ee9f8965f,893456.71,8
Patricija393,0xf96a14af3dcc222beae2f2d437d0ccf4193f2591,252309.92,3
Margarita394,0x3442aedd6abe3d59689e5ebbb068e4543e7d2580,106027.79,3
Margarita395,0x6807e066e581e894b4353a44e2f8a3a291cd2cd2,1291357.75,12
Tomas396,0x8de837246953763b8dae1b06d82716693d39e783,514872.36,7
Margarita397,0x579f214c65a16a39d961fa60d37aa6f90cfaeb58,199284.15,4
Vakare398,0xf4e94542395cd0bebfeecb28004ee112e79be481,964667.96,11
Jokubas399,0x69127bc448b000159ff885880e5c00d039959263,86232.62,2
Tomas400,0x62b62b871732da7900481cd5c1303764147cd6af,247252.59,2
Ona401,0x338488abc9df13fad3b432eee8836ee5cf5db970,1261690.03,7
Jokubas402,0x4c634e5ae60bfb64b8b8467e4426fc4b736af1d2,44948.69,2
Mantas403,0x4a5ac90101fba16c50ea78d4f39edf5060167c86,746548.57,11
Vanesa404,0x29a2e8091bfd8aecd2de3f090b4aef6eb040acdb,1017201.51,7
Margarita405,0xd54948ca66226e08a9b6b689c4bab65ee44a7b7d,843700.35,6
Vanesa406,0x4e2378476f4a35907f486e6ee1bf1e0b5e701987,1028659.46,10
Tomas407,0xb79993f2d27e45b35f53620a78740bc091a01a27,162112.70,2
Vanesa408,0x49c2201031512e49de39314260c12f9d97cecbd2,881320.95,7
Vakare409,0xba13167ad92c38282531d5a102c95ce8b9bd072b,85301.07,2
Andrius410,0x9694869e99de87edfac17f4c2cd878b1cfe2c575,213184.35,1
Marija411,0xaafab73fbc314c823bb13dae6c356f4c045c62dc,470045.99,4
Margarita412,0x5326209f4d6f8f50c3735bcf05e5d3cdf39836a5,750430.49,6
Rasa413,0x0d89c5e4c0152d8eb7f662ea19c3cbf8bf31494b,768754.51,8
Ona414,0x14e67b68382f01497810ed957232d3e7c93ae503,17877.89,1
Rasa415,0xc9c560ecc16a0e4f1db8c5472c8b7503723655df,20105.98,1
Vytautas416,0x64b6d98f723ad8f901af70c619fef81082160140,1790232.93,17
Rokas417,0xe1787bd4eb9676be03ba295445631fd90a52dfc9,608250.80,5
Margarita418,0xc16c990ddbe788b23fcfee3bd04a2e5b21b101b6,549628.39,6
Paulius419,0xda0bfc4a17c10465607e09ecee8871f642320626,661892.79,10
Indre420,0xb50366ff23cbe439006113018eda0a152f485798,915913.36,5
Gabija421,0x17cc341d6978ded43ec11a6923b72d0e2b899a34,460732.93,4
Paulius422,0xf3cc3249f616c0958b10bcadad5e490dbef57e73,421184.38,8
Patricija423,0x50710d32b098c218632ca4845c6176da9fc773e8,54270.05,3
Tomas424,0x0bb450ad4f5fb2ff2088011f6d4ff4195a4ea371,183855.91,3
Andrius425,0xb6e84f671f38a8e28b9a5caef6d331c2a17dcab4,358099.11,6
Rasa426,0x52ceb158a7f074a221d74f2367d98b01f2797e3d,438139.64,8
Vakare427,0xdf9f6a3d10658953761cba1822470c80c52a4a9d,184472.95,5
Marija428,0xda18499832fcd4118a6dcfd40a81455206bba9ee,224618.99,5
Indre429,0xab58c4e6a65eef1bd37258bd47ade75427f189a3,554945.76,5
Mantas430,0x0768de028773e1ae393ad4b61338cf01c0d842eb,193975.29,4
Rasa431,0xafd630f4c50560841b34e36f674e3502aaa221e5,145242.18,3
Patricija432,0xdf0954b9ec81b39fca20855ec23311ed15c0449f,251507.16,4
Gabija433,0xa183726f6bf2ddabf090a060ffbb924d8a9be4eb,102315.06,2
Vytautas434,0xeb9f6eb4fe64da11f81e43735e0d5c30e1565261,260177.13,5
Paulius435,0x5f052b16c25c4db39747ae42fc96bc75e5c3eca2,3229.97,1
Patricija436,0x42206b541be12b767947d592c0d79e00e2dad5fa,728853.99,8
Patricija437,0xeaa711e6cb1d1b4fa8a443645b62c5a079732e30,645964.96,8
Lukas438,0x1d071b9b4f150ee3749f1bd4b2bf5f3cdb5ab803,212917.16,2
Andrius439,0x9659a4996dca7a532f570ede847782d4c5e5ecc0,660722.59,5
Paulius440,0x15fd95c565ad2171dad9eef32a1d4d8896e13a3d,228481.06,1
Ona441,0x0a416976bf323064883fdd0e44752503cefe7e08,362698.13,3
Rasa442,0xddec680ba51de28a21754c0a4cb8b83042ea50b7,195727.40,2
Andrius443,0xe62ab063f6c1cfe2ecf611d3882c51c10ed2db3d,164665.31,3
Paulius444,0x7192e62bdd05ed40de7992e02bebf787c7df1ecb,301021.89,4
Mantas445,0xe3b9b26f7cbfeeda272061a64ef6bb22044a9892,724038.01,8
Laura446,0xa3405e6c75c351af9c138a47ffc3b7a0b164f357,98523.32,1
Laura447,0xbfcc9388d0d2eb6f3747faa1818e125e67c84152,734043.43,4
Mantas448,0x6bc9356db16ad771f8d035093c2328b50989e92a,89830.00,2
Andrius449,0x280498e0df1986bbe8be8c8a161f26fecb4dc413,810883.46,6
Indre450,0x4d0a770f28ec9869442a68d3763192591fd3866c,189343.39,7
Vytautas451,0xd76104c886584d2bf9392f3aceed0d8c8fdff040,143043.13,1
Jokubas452,0xd9e51cca8632082c7ccf054c4fe1eb5a51b4af00,61360.04,1
Rasa453,0xc1c0666611cce5a916cf6607f04d5565f68c9b17,15230.59,3
Indre454,0xc096ee555991f62fe1de1cf4e6ee7628ea3ac4cf,233623.46,2
Ona455,0xadc324f87b6a213389a4997c8e12c5f6877ed21e,43243.34,1
Patricija456,0x9ef8d7233bff80b362d3f733adec864bf9234b74,43537.94,2
Rokas457,0x8cc0b66307a72a112c368934ff80b0c5105634b8,326560.77,4
Mantas458,0xe9afa20c58c319dba6879edc396a885659e8605e,361978.56,3
Vanesa459,0xd8574e1272dabdf60e9f07746e9197a3ee0454c7,1048096.60,8
Paulius460,0x45b2530324f69a6ec22349831dff2260e84c9ae2,206462.67,3
Rasa461,0xe606095d088c675eb574cfc88f57ff5326f86f79,1281268.60,11
Egle462,0xacf3d92ff5ea953e68162c2b1851dc3589a919e6,100488.78,3
Jokubas463,0xdb0df18897514ac48a7fa0ace9d4d9d706e7534d,604076.16,5
Andrius464,0xdfa7853f7e88d3bff922d911bb861ff65d10fd6f,154648.60,2
Vytautas465,0x4481658ce42f951dc88db45fb5e7e553e42ae8ae,141986.53,4
Vakare466,0x62a4af302164b8bf763453ee96cbfb686862ca03,85588.58,2
Paulius467,0x1c3a4f4608bd348f939271c4b4fc900efff3c64b,221743.04,4
Vytautas468,0x6b58915127dd46bcecf27d7d575659b0b76544bd,218775.57,3
Andrius469,0x529678659562d6f05fbaf9b1f1b97dd0defc7ba9,559885.91,3
Patricija470,0xacdacc56b60b6dca46137b4b5e23015353dbe99f,808482.12,5
Vakare471,0xeb562a9bb7aea687fab5805738dcdb173a03f521,66452.06,1
Marija472,0xc908369da8f1297f7fda457f1df5669ee04cc387,14271.37,2
Paulius473,0x63eb36c5df32c891b0069668409198befa9ed870,1266336.77,10
Matas474,0x00a8910a41ada0a567be14d15ca342ac16294843,225043.21,2
Lukas475,0x6711117bf1c98b1f799bac1518f00ef42bcf3d4b,16980.22,1
Matas476,0x72aa18f836a74ea5176c7c6903066daf7b92c1e9,631005.91,7
Lukas477,0xd34a66038f94e8d6eb3b4311c695dd182b4188ad,146705.80,3
Rasa478,0xc079cd6ca1b522e650d6aa93fe88bdd08e96d2bc,42614.28,1
Rokas479,0x87b9594eae7cb769ec695563f21b89399c1a72d5,321177.80,4
Jokubas480,0x3edc759605b60b2a3c1d4cf48dc141005a9527ed,1071125.17,12
Jokubas481,0x7f6c8cffdfedeb77eca56f3620b6d16f4c0243a3,886330.69,9
Rasa482,0xa6744ab09323a186bb6eeea904fc1b625aa3cd0f,180022.61,3
Vytautas483,0x51b53a45b1b5b1dbcbd94484be07428fb1d7b259,294086.42,8
Gabija484,0xaf2eaa7b0e9be39fb6855e794f74daa957352836,1366991.96,10
Jokubas485,0x797e9d9eafff7c7bb84b0ccfd8db479837b92945,63716.15,1
Andrius486,0x351546cd220bca75990afc4cc5af2a1109372b39,1065775.72,11
Margarita487,0xa031609517928ca2342135d30e14a85a294583ce,175749.47,3
Matas488,0x0d38ffc3f636b481021ae7efb972f3aa2ca74679,129403.36,2
Vytautas489,0x0eb31166da3c6f85d9d80954329ca867580bdff2,784314.18,7
Rokas490,0x47e1c38feff17b86dfcf7c0a652acff6db521e46,157484.43,5
Vytautas491,0xd8ec924606d5786cf8ff29d2f4e6c73b0dc25a99,342743.94,2
Egle492,0x7a2f02c2d96c296c62e1312fecdaa6554766c192,69351.32,1
Rasa493,0x788eef908bd1cb27af0e08771efd22b395210131,940125.60,7
Patricija494,0x6b3dc5eeaa07a72c9d4cf20ade496ee0d6968a55,8755.30,1
Margarita495,0x59db86ee5d4f51c59ae1de5c7ef940c16cd59ba8,103370.06,3
Gabija496,0xfa1bf00f3fbb0343dea4808f64c1627d9bd4afe5,203836.22,3
Lukas497,0xbc8975f97f3f6f30651b93911800de4101a4eab5,268596.76,6
Tomas498,0x360b94a40a825c8e91c95c92f9f6f8e693935c98,595663.85,6
Patricija499,0x1ab5c101f7fadf6aea8d0b01548c234b7d6ca334,185859.77,2
Rasa500,0xd76ccf2e2e8fa9112bbbc2d65bdb6ee77bda9918,171164.24,4
Matas501,0x9f52ead58901c04f5f935dd17365df753cc8e057,134311.73,4
Mantas502,0xbe756d1479118d40c95c08ecee6ae6203b331bb8,379385.45,7
Rokas503,0x02796f699779d77db5d024ab0721a4d9de1fdafa,223515.96,2
Indre504,0x7c4bd19180d08c56fb70ffb554fc1c4d51e36392,2111.23,1
Lukas505,0x455188bcb913036e82a09d4a8457c97429789a03,1041937.28,8
Gabija506,0xc76c88ed696891470793635b63af7ce71038c067,1191882.30,12
Indre507,0x48c1c0d7aae7941e3f0031e1d7c9404fe160fae5,491316.06,5
Jokubas508,0x9539b81ebe9794f09f91521bb65bd704efcc5833,487769.37,8
Vakare509,0xdd9bc2d93ee846ef974e0cc959ad91e077a1bf3b,429327.17,5
Vytautas510,0xc342282570d74b915a6a624423547d3e9315d150,1108641.31,9
Gabija511,0x06d5abc14e031e853f11ac656aefe7fd349f2662,265918.55,3
Laura512,0xedec8d86252e5d9e167cb39642b05c2bd3df5ec2,1006994.39,8
Indre513,0x647da53d16423602675373743e4ebe3c38b9e03d,635746.96,5
Gabija514,0x027a11aa4111f955a9fbee3f19b174b827726287,474684.46,6
Mantas515,0x0e9efc4f7b616264b9df860d73a3f0666cbfb39b,528324.33,5
Ona516,0xd180cdc9247575bcab591a8d7134ffec93b5ed38,50887.50,3
Indre517,0x320fc6489b2737b3bc10a6c69dca6effd3b2703b,380320.06,5
Rasa518,0x200b0de5b0d3e56cbd807b8b19499a793a25d8a0,1206683.14,8
Paulius519,0x9f60d50788f2811259f96fe165b8447edd30899b,540602.65,4
Ona520,0x020a36549b440ea98e6c1223f710f981a575e40c,5442.43,1
Matas521,0x982306956cba33a8bd85b9ee165687024603cc30,528734.39,6
Vanesa522,0x7eadc9b1f5e2ecaf1cd21f32299827e11b1edfea,1592760.93,13
Matas523,0x0cb63688868073f3467dba452167c68d58daf7b7,10055.32,1
Vanesa524,0x4727420caf2daf1ad052fd34deaa1a4afeedf45a,23628.92,2
Vakare525,0x111d3c0090a4a0124be12d059e64cf3d5551ab8a,233410.78,2
Patricija526,0x44e85446c059be53d8b25565b0995e259609da1b,509256.50,4
Mantas527,0xac816cd1af99a10acf919ac0e27196fa0a9e2161,1019197.84,10
Matas528,0x02a71454f3dbd167c4d95d79c0437acc673eb18b,607814.02,6
Mantas529,0xf7804b5b38f278dd80a5d54c1ce5d0520a7ffc4f,1420891.52,12
Matas530,0xb9fadac156ce212b37f032fef3ca31191523491e,351968.29,5
Jokubas531,0xea06ea9125e526669d608b022df6d7bd1b52236b,191990.09,3
Margarita532,0x0a6ade7c8859c5ba2317da8d327b811672065d7a,807217.82,7
Jokubas533,0x3786ba321b979d84b52dca68991584c4f8e7e128,619858.04,6
Marija534,0x805c7b67bc1ff29d5f86e51ea349611ac3d638e4,407860.87,5
Rasa535,0x5fbc91463a76f4a86c51eac14efb6334246e1e8c,508917.32,2
Vytautas536,0x2b63875560a6ce041e9373cd9a914f74353f496b,333558.47,2
Tomas537,0xcceffc9f6f0c755a315e39fc5d2b54930ef53989,178775.49,2
Egle538,0xf68663acdc8eec4127de7d8e953c8b6c5cf61960,945560.65,8
Rasa539,0x0f7494bb43154615c89fd057184ce6e196f3fed3,605118.29,4
Andrius540,0x6eb7373a85898b8b2de1d70aada58c35f8729fcf,116712.25,3
Indre541,0x2f47ff13352cc7f23ac376718dd9d32e29852f08,300970.61,4
Rasa542,0xdd21777065ffbb12a3e47108f9eb38d88a58c20f,601767.54,5
Gabija543,0x018e8b9d880be307718acde4312b1462552a42b5,68037.05,1
Laura544,0xf3853675e0d41b1e6c6ac3cd7fa2b4424f6ef49a,1417221.26,9
Patricija545,0x4abc5a5d45bd39c2a8f5017cc8f8577dae3692cc,410637.52,6
Mantas546,0x490e4e624f1edc2fcb34f811760b5491b7e30d09,171965.57,2
Egle547,0xe32321a65f2962d9be19312c8968c6708f44ccfb,112214.25,2
Patricija548,0xd17dfa018b9d5c07d4b591def0d7f5917779c02f,141525.10,3
Rasa549,0xd87f0b2099f837cdddbe542b7af0e153dcecdfe1,224697.41,2
Marija550,0x6ed1f734e8c8f973bf224521ac2fb89603c4ef5e,369642.97,7
Mantas551,0xeaafaae692d31c2644431fc641aeed2959fff322,298271.91,4
Ona552,0x3acf8c1fe365bc1258b3dbd6d99682c395fd8dba,609972.25,9
Gabija553,0xafb8fc15cce873841d978e0fd3b37303c44cb60c,576580.76,4
Egle554,0x886d00b9b4fd5dcbea5d89ef613feccc9105131d,147593.32,3
Matas555,0xcb69128ebbe0567f1828eff0d7f7502bda689ae7,100877.71,3
Egle556,0x3c56d2bc5737edfe25d1bf9791c3af21f7c3c2b4,34643.04,2
Patricija557,0x3818fe5e149ecdab1695e0900426802c62073f58,14776.05,1
Vytautas558,0x0b90169761898206aa24a0c2b836e256cca6ed2c,805405.97,10
Gabija559,0x147f66e6ee5b1c4dceceaee468e1924bb7cbb0d1,633597.94,10
Vanesa560,0x639b8202ee279a2efb4e60caa66421835959e77f,530499.10,5
Matas561,0x99ca7794d4f8501ba5763b69d2fa8c6e1710d417,410333.64,6
Marija562,0xf43a4264b4243729183967f10181b984aa937ac9,1050361.50,10
Gabija563,0xd790ee7c184ad6b6815b5b45374470a782d3de94,405468.34,6
Vytautas564,0x89b4e393f2b2ccc569ef26acab80ad6a506c8033,59762.59,1
Vanesa565,0xa1a777cacb4a790730aa7fae6775b7094ebe212b,1301852.04,12
Indre566,0x224e3b47618d352bbb5fc71ed5a5c74ce1094f0b,1124334.83,9
Marija567,0xa629a754466018f71d2381ffe2622920d12016a2,212762.19,3
Margarita568,0xb3f2e51d72a911cbc4629184d059dd27edb0bfea,254088.18,3
Rokas569,0xb94570963f7757221438bd225b54d6062c02acff,309811.66,5
Laura570,0x172507914cbd8d32ca87b11c7cd1b9ee526f5617,401173.01,5
Laura571,0xebcf938e7e7152da702961325a21893e142d15a5,197193.21,6
Vytautas572,0x812c2c3cb747c8da09d5d78b513824997db627c4,889366.45,8
Rokas573,0xa316cc0b3c7a52356846c0d41eaaa65ab9f83a04,368791.02,8
Vanesa574,0x12f11a40e66e0f2e90c1e4d65c38da68784bf8f0,576490.93,9
Marija575,0x4849ebb7259f8c6c4ebaa1e2239dc464e10c42ed,1178537.93,9
Gabija576,0x3224d80cc4573ad0c90487d9db0a6aaeab6f7e48,221110.87,3
Ona577,0x6c51428e821f8d547812e132e2847d88e9a9588e,715023.07,7
Matas578,0x28d1a3d1190165a4df5afd7b0c2419dc0deb6838,533878.19,5
Jokubas579,0x21366c188d39c9494dc98cf157cb91025c6a1167,658143.05,6
Paulius580,0x743b9197db4071b5bc8604ba69e3cf38a3f27de1,712722.14,6
Vytautas581,0x6ea4158321463d7cb5a6dd513a244a9468a0f695,228101.80,5
Egle582,0x220ef2b725191b8c7d5ecaf26a9543b4c0fff837,152727.77,1
Margarita583,0x2d57c15344967a98c8b19f4e70d465b2a96c2cc0,1299594.26,12
Rokas584,0xbb849996fa1f9689f2ee5ba9442eb1d4116979f0,89079.89,3
Mantas585,0x8b99ad70df3efdb9774b94c5a5bb85398734db2c,166517.94,3
Indre586,0xb6badb37f75e6ca5d52588d7d0e668643ef7060e,261817.47,1
Gabija587,0x6406844a382a389dc514bd159bd11b1b0ece6d89,350602.72,5
Laura588,0x9e71af791f21e25c37f2d9398b467a43515b1f1a,89163.45,1
Vytautas589,0x726787d9cc4c701a6647117247954be2aac00d5d,313246.61,4
Ona590,0x6f812254f0a9dc874d57627d638f91e2e86efa74,36378.79,3
Egle591,0x1ee3b7ee72b0a4b97f705ad1e44a1eca02201ef1,179695.04,2
Margarita592,0x6513f92e799dce0feb7fda8bfe04bb528f361a61,797496.80,10
Vakare593,0x2b23dc422fd030a24764346affae067dc0a71531,282408.17,2
Vytautas594,0x90b154c71a1eb595417417d7c08743c69f69fe94,401457.36,2
Laura595,0xa6ced99107d519550dc36ba5ac89404a70010718,1157029.31,11
Mantas596,0x273d06377795da44f028b90a99b008ddd33ba7bc,479416.40,6
Indre597,0x3ed67ee546101a448d4a69074a2f419e9f2ae348,1241033.21,8
Matas598,0xdde28aedb21c2d578ba72ee90d1b15cde1930ac0,985307.96,11
Vakare599,0x10559dd3bdaafb97cf69f0e97a20fb70ec25c796,1120952.36,7
Rasa600,0x4ca292470951806c1b0da4432b1571b7449901df,591903.76,6
Rokas601,0x04bedfb26c2af4212aa769da4823ae815ec91a8e,50475.07,2
Vytautas602,0xe84657cdfe90053aa8419f05c592265251ca1ff2,962649.05,9
Margarita603,0x19b97597b466f91890ac7011a63a9df353aed7c3,823652.50,5
Vanesa604,0x985be78e96115c72e23bf2c1ea192fe12eb7cee0,10335.84,1
Mantas605,0x572ac3a0dd5d7e950a2f36437182809f7a78b8b3,983966.00,9
Vakare606,0x3c53d8d6bec4b9e2266091f1ef0b05b66c1ddb0e,176945.78,2
Marija607,0xe2f59b4237e7c7caf96d744c017b29fd566dd5ad,316765.26,4
Jokubas608,0x680c2912c204bc3c329ede1cccf54452df8d81f5,579858.95,5
Patricija609,0x1434aa9889b551828d6817ab906424c4857f06f5,765358.32,4
Ona610,0x79f5f1bc1ed071f804c48c79d82273b9f9a81453,706173.29,7
Paulius611,0x9b7479feb914f269e876c8620e04f44145c003fd,432406.92,5
Gabija612,0xb40b48003f1ce8d90e9a6a78f4c06f6726526b56,226745.57,2
Jokubas613,0xac9b032e9dbac9ed7fdf789523ad991dea06826b,341250.84,3
Rokas614,0x390309957ad87600c8558127e7bd21e26c1d06a4,113492.12,3
Vakare615,0xc2b79edd5bb9d0f8cb0c29dd9c31d6aaddae2a33,466467.53,5
Indre616,0x6bed0409ec29f4e8a137aecc61bfed07a1b0e98b,185475.14,3
Gabija617,0xf4e632d32118421789dea771c80d50ffaa75cbbd,1019811.25,12
Vanesa618,0xab0a4a62a3ffde9cd3aa326255ad8f6a83683287,545417.97,4
Vanesa619,0x111369f5589970379c290b448c262057604018ef,1305941.09,9
Vytautas620,0x3b5106976ba73cd3b095edb4e21e48c7cad98285,40357.09,2
Laura621,0xd20b46c4ee15694515554a5940b6f369d66a2fa7,1078248.01,12
Lukas622,0x2eeeb3937231b644e17228ff83757ccadf92ef06,1026419.14,10
Patricija623,0x7a972fa6fdc7c19f586c1ef59e09d04d8df117aa,311521.43,3
Rokas624,0xafedd6e5b3f870b831f75bedcfa9223bd60c13a7,534580.69,4
Indre625,0x74c65936ec210065ff64747b1b54b5f295588634,1918923.41,11
Jokubas626,0x8b4a5c896371c3b951159f7dc1c8d49ec0cc59a9,101126.64,1
Indre627,0xe0127ddbb0b9c3fef95d84448d4554609b3a0e59,666425.94,6
Margarita628,0x76406ed9fa034fb38fdbb67058c954254fbb08cb,698453.60,4
Rasa629,0xdfed2cfe9e3ef7c52e3b267b1d15d900eb83e4a4,1787322.87,11
Margarita630,0x131b7eec829ad1881236b715c1b5dbd7ded19a52,102852.30,5
Mantas631,0x1f56c61be1f841a44ed91d1f19fec96d94987db7,582985.24,9
Margarita632,0x8f92278f9152e42849b48175ba2247273116ac32,71078.46,1
Gabija633,0xa8537e4632bed691951c16f848d5e918af6acd24,51733.91,3
Jokubas634,0x53429844bbb555eedf0d182fcab4de6fc8761c49,204733.50,6
Laura635,0x42f42c3e56e1695f3dc2cda04ba17dbd352d8dd3,32502.87,2
Paulius636,0x94cb857ade0df41f635547a8557ca8d1ef1cc5d1,495330.47,2
Lukas637,0xf2ad4aff348ccf3ac36b4926ffc3064f27c6405a,824832.61,9
Egle638,0x7848488bdc55622ee7213947fd4917ec7e966d6f,340485.56,4
Patricija639,0x39ea2d41bda1771773fc12c80783c67b7f32c5a6,1657766.60,12
Marija640,0x66c37a0f165de38ed40043d2bf45d58fdf30cef6,84579.39,2
Ona641,0x0bc691cc501483dbab19acef7dc0199e7ae4650d,316618.73,1
Lukas642,0x5939a2b7b52d55414fc581cbe455e5c091055dab,1957974.18,16
Paulius643,0xa5252618891f8e35fce539b757172885d4e4d4f5,514394.48,6
Gabija644,0x43908b27418893a628c9763c911148e1204882a2,1073294.48,9
Lukas645,0x0c101bf179ebb400464c0360784274649f75f2ab,306094.82,5
Margarita646,0xb2e2e349361c03221a213ed463f584b9d1a45e5f,389263.88,8
Marija647,0xc667955ff4304ab8218c6266dea32d805e37f7c8,476365.70,8
Margarita648,0xae743812eef7275883a58d2208825252d3a5e883,1679919.58,10
Rasa649,0xd43bb410a931f4a9505daa9ea6c4404378e2d803,245754.32,4
Margarita650,0xea9ebe1770738a3efe9674e200c2f626ae45fc85,725850.57,9
Egle651,0x93738a93fb67d919cfe1c37b198710f35accf3be,634197.13,6
Jokubas652,0x60f2597d8f936fa65601e128f0b213e79f3351fb,149704.95,5
Marija653,0x1f4522640f454e583c9564b3330540c0c5bd3f45,225519.87,5
Tomas654,0x78df9a58721421a3544c0ca390073d6885ab7904,11623.17,1
Rokas655,0x4d2d62b1017ef9ca630bd84467815945c17dd44c,126939.31,4
Paulius656,0xe04cddf9aa0ae43cc9a539388a4d40c5565cb677,17644.33,1
Vanesa657,0x4ca27e7677db0d2863c244ea64ad44070d1db5cc,513509.12,3
Patricija658,0x46d7cfacf07cfd0b2486b4904bcdad6e7b0133f0,50549.58,1
Egle659,0xd3a895b0e1ab78ef636c7ed93bed83e013bff582,716031.04,8
Vakare660,0x922bb07380717d34b116319db45dc4c36d24a16a,143481.25,1
Tomas661,0x2e56e23e4a7c900db7eb4793e09e9aed569873ef,265166.41,1
Vanesa662,0xddf5af9eb15e93a59b61ebfa548c894bee3d75ce,184283.56,5
Jokubas663,0xcb03e79dc84d6799c511337dc92c7ceb083d9b0e,151463.21,3
Laura664,0x87efb42143dbc8c31d763726725c2ac51e341a2e,559771.89,2
Tomas665,0x07cd4c21ad85e90486797da0ab052a0416bca657,117510.86,3
Matas666,0x6362e81087af60bf21b98a69f964b13c19b49033,1310512.94,10
Rasa667,0x1c817ee18e38481b7f6d369dd213118f681a9b04,123932.17,2
Matas668,0x97ddc4aa1b3cabff78c2b8eeebe159b065cb6b38,5002.38,1
Paulius669,0x57ae70d359d7727e6622fba36d04fd9a485bd568,1039440.77,12
Ona670,0xdab71da0c53e63a4779fa5b439e7a6a508d3402c,834258.16,5
Mantas671,0x04c6a786b3b2e9f46d3801dbb0e08affb1d17b91,4555.22,1
Matas672,0x02ab8d45c612d862f3b3f871cf1e7ea25a783d14,129391.96,2
Gabija673,0x3c2fefb1acc2c1b5b7badedfcf55c4ca47454693,402858.52,6
Rokas674,0x4cc2235ea808491058a0327a985a00ab4aae7dc2,902371.76,5
Rokas675,0x9afe54a5368babe47027f7c7064dd2dda89b5eea,112241.16,1
Gabija676,0x62467c3688b0ff535ef55c540543056feff2a3ac,1219444.75,12
Egle677,0x2f0581f4ef8505d4f3ad6da092049c6332fe86a2,408933.08,3
Lukas678,0x34b58ac926508c60abf8e8e2fb8d8d758dd0a9ac,43085.43,1
Rokas679,0xc6f922c3592fe55e7809896258580d4824487645,701773.15,7
Margarita680,0x155332a4573ef878b50d2d42c250e118a565edd3,1280812.78,11
Rasa681,0xb510f5b4dca6fff3d11c8b4c88571cb7a8b79dd0,324969.07,3
Patricija682,0x091da27411f76ba1468a0609048ec36d4772b1d5,586677.68,8
Rokas683,0x470c468f304c3e1cb1867b00a82c150875a4bb3e,114213.66,2
Lukas684,0xffb258c380ab473335f57589b852512edaf6fbbb,362665.91,4
Indre685,0x31f106fd84146aca2ffcbbd2f19a6597dfc37da3,757487.69,7
Mantas686,0x3deeb1f3b91a7662dac13b15d145341a5ecfff19,886367.20,8
Laura687,0x72f72d3bee8dcf5b889ad6b50eab0f4ffca80828,595536.72,11
Ona688,0x4e738be390354ed90ab1282c895cd46527b1ebfb,499381.51,6
Ona689,0xd487b4e9dc930c63c1554d30ec81fd4a050086a9,8673.79,1
Paulius690,0x7aad37fff10a06d1f0afbaa58f8ed80bd138c794,731960.16,11
Jokubas691,0xbc26c7b8a4f7dcb2a32c2423a32f09c2a9ac351c,75105.24,1
Laura692,0x468c361d77330636b7d2ea20a11771ab77e17f82,42425.24,2
Paulius693,0xd6c6776e50576192ddf1b9546a55e80b1af3e8da,340843.97,3
Laura694,0xcc80dffb63081f0116be47b18a3fc13f60f373b9,381964.98,5
Vakare695,0x5e7cb39de34281d552484fc544dddeb48d45c35c,618788.27,10
Jokubas696,0xb65d52af28c2506e93b5441eb9b36b0cd7dbba38,303338.45,2
Matas697,0x0eac88a5ef1984be3ed1da24e0359fc037a5c693,777805.94,6
Marija698,0x9dc3dd9f31aa51fc1f8c9f485e59b86fe7792cd3,1143500.86,11
Laura699,0x252cb00db47dabadd180617e63feb5b3ec4a5e3f,111598.53,6
Lukas700,0x5fdbba25378d941be5fb4921dae65da9fa8b3d00,148625.02,1
Gabija701,0x752d2c830a8deb3b527e0ba5f7b43c618c81aa55,679260.09,7
Rasa702,0x2fdb011a4a5f71167ad292866f4877d5a5be8a9a,811851.08,6
Patricija703,0x4105fd85461d879435365067e126120a4d09f71b,225685.53,6
Vanesa704,0x9cd155c3354a457e77d64c6da0640e0bbcd58440,284761.77,4
Vakare705,0x1a326c06be12801aa158d51892c9c5f9ea093ad6,41246.46,1
Vytautas706,0xc9d57a2c14835f1d945a1deba6eaa5fb8cbf9357,717231.67,7
Lukas707,0xc29a9f01a72941dc1403ddb38140353b6a8cc98d,179576.01,4
Ona708,0xa6261bb1a859230f6fcb2963c6678be01aba4ae3,395872.20,2
Patricija709,0x42b3c57e6b54efd63670fd05f7fe17a507d10774,1503094.64,13
Indre710,0x74c35c8d7568b638c4d0314f6edafd6bad739198,240318.57,2
Vakare711,0x5e2307f42d302f02a81236fe3b80bcc6c8aec4b4,63594.72,2
Indre712,0x2d65a21359c809f0fc5523b502ad77a7ddd79d70,3677.80,1
Andrius713,0xb8a8685c4b52e52b1dd4e5a24f29d1ba1d75d6ec,413485.11,3
Vakare714,0x80081ba3d2fde3eac45f9e0766b1169ecb35b9a8,56865.37,2
Mantas715,0xd352d0b73f2bb526528619f805c96753e09d3921,971365.36,7
Vytautas716,0xac42f203fb37336e4c14efbab093cbc3f7894b59,318322.71,5
Ona717,0x0bf707472b04f65f1224446db2f837ca4314e0ab,1232744.27,9
Rokas718,0xe2f10b5b663fb90f2d9cde7d6d27b09b8138b078,631387.84,5
Matas719,0x4735087036318d27e1d04dd76e93be447f2efc59,1601471.48,16
Ona720,0x27655464ab9c497ad0d68f368d79f38bea6a6db7,969230.64,10
Andrius721,0x3be7b508e8c67d631884196a82195de3966971fc,104992.33,2
Vytautas722,0x0a2b102e85a11200044f5647008be01ed28afd9d,119887.61,2
Patricija723,0xe1b3f97a51212a03cee3e80772d13fcb4b01f177,54750.14,2
Rokas724,0x5794449bf5da697a09a6d4532553340ed6567fb4,912542.34,9
Vakare725,0x5203e933981ed972ca0abba3e022cd4053a30435,277442.76,3
Matas726,0x87b3ffefe73d34e5992fef0dbebf052c28ce9a9f,430001.01,3
Andrius727,0x32f2cca872a965b7a0648891fbc6c09eb6bd5880,63208.25,2
Marija728,0x392396a987c15e9c4f42ebbb28474f011bd7ce12,33472.37,1
Laura729,0xbfb601b8f5201f2a778241d8922b92699e3d38e0,178827.93,3
Marija730,0xff5effc9115be9a693669a3b107180fe99000af7,198608.00,2
Tomas731,0x5cebf5fdb0215b0e05f0c3148d7f13944bff83c4,1755267.21,15
Tomas732,0x898c4e93b01b0b6a5d226d5a81dce1dce254c381,488771.18,5
Gabija733,0x5aaaf12fbb97277733e4f6b83b664c0bc377642e,513288.74,6
Mantas734,0xecc79f6eeebd3e75d7b633d4833fc95e55bbfd1d,330252.21,5
Egle735,0x74d975834be38268e54b2d5ef668c911bcab95ee,435708.44,5
Vanesa736,0x2bb8120b69d0b67551fc5b4a604642aa692debfe,81709.85,1
Vakare737,0x728685d9a5c2404dcb6a1d006b5da089d60cb40a,262522.20,4
Paulius738,0x85bf1b8c14891361928b7e28628d19a6eaed34b4,88613.53,1
Tomas739,0x918a0f2576d867e7fa1eecb303be68bdbc879854,1169502.09,10
Egle740,0x6cc052393c8760b8c20c7fed4996d03f10d61501,887677.69,12
Tomas741,0x8adc3afeffd3afd489c3e90c281979014ef3c00c,970216.18,8
Mantas742,0x5e6e2fa23d58be8dee39d9404e4b6561a73d9a3e,393099.03,6
Tomas743,0x46878d2ce984cda8cbe0dfd867ecb115a7b04597,269776.25,4
Tomas744,0x77a59deb2fafcfc97c4aabc83589e05a25a1fd39,530815.59,3
Rasa745,0x60b763a002d9b07de4a64d6f60d027bfc361e3a4,764985.37,7
Margarita746,0x92c80d1a5dd1fd124b3ff576c14b93c935f3b95b,543708.76,6
Gabija747,0xe51a3571e24909fff9d5f6da47678bc484df523c,1521850.74,11
Andrius748,0x43f51fd05fc6e57ceba75f5a6976b0384c9482c3,38520.91,2
Vakare749,0x7431071bbb90c15880c339d275af8c4efc3411b8,76085.70,1
Rasa750,0xa09b3dbcf1a09add82356510330da4eab1eec997,600351.94,8
Matas751,0x8dce133400ddd58813ba6589d00260bd6fef320e,436327.59,4
Vakare752,0x38e1c41ff37a7cdbc1e1ed3dc1665699fa09864d,585343.02,6
Ona753,0x54aab89537d32983ef3197aedf69501748639c98,276275.26,5
Vakare754,0x931173e1853c9cb0eb023bcc7c3a612bfa02965a,74059.47,2
Andrius755,0x4b5c94f9f85558d8af37bd9197d46b270ae0f3cb,282111.42,4
Vakare756,0x131abbaf81b50f8f641f634a790adb7bff1fe52c,689061.02,10
Rasa757,0x9094cf8a16bfa56f9c85f72d7663276ea09d2d79,231684.10,2
Andrius758,0x5a9848213e1c60e2c3433cd84c1878972c7a9e91,312903.48,7
Patricija759,0x954cf549cd11fca8f6486e377348291afb2190ef,426093.06,8
Egle760,0x7b86edbf17b82c7249a9ec232661f522f4e44a35,68152.65,3
Vanesa761,0xcd6c0d866a4cc449b841cdbb482e154e4b03452a,294997.20,4
Ona762,0x869d2e6bc92451739802d40faa845b366d4fc72b,774051.87,7
Paulius763,0x5dc92c4e849e4c803f4f72eb99f65504273188b0,287765.65,6
Vakare764,0xc5a1b09533ddf23e76724afd202a53f2cbe350f2,48694.42,2
Marija765,0x5f04c97be2f411ba1f093a3f9a6547b58cca9e7a,258878.73,2
Vanesa766,0x77914a453f6be9d5626b55fe0252b6667e82b2a0,469854.56,7
Andrius767,0x1c3a354936a39e308f46480c3ea3e23ba7d449bb,853489.91,9
Patricija768,0x225e173e5e682ba61b3aebb7b6cc22059a5a198a,515635.12,4
Laura769,0xa9c810b8b6dc2c84311e306cc739a58fc9f90dd3,208207.77,6
Jokubas770,0x1a32d59ca67efe13d913e0bbc520c883646a77fd,22552.36,1
Rokas771,0x8eb3d89f7d9820e90c574fb07edde45ca3950a0b,10412.45,1
Jokubas772,0xa107f83d2432dffe8b35e6d88ad389201a9304a1,687317.08,5
Rasa773,0xce62de023e6d62a71645514e0a6b49621a833464,477340.63,3
Mantas774,0xcfd0d0ac9ba715bc9bb4b691ef6876164b795ca1,825866.14,7
Rokas775,0x4d861f6bb182835437a1c907e153d445f23ba367,630621.76,7
Vakare776,0x53a077af11215e55e5fc2737817e4bb3b024ecda,120627.11,3
Rokas777,0x7a2239b1f97c06b5bc369ad28f95d460838f1fdf,873743.36,6
Indre778,0x2664a586e4d89c13c142230b45e424bf54dc216d,677635.28,5
Vytautas779,0x990a757b165ff3cde76b0393a0cbc2e0c6fbe105,465154.93,6
Rasa780,0xb91619eeda00adbdc990b7d5a659fe8e460a4650,435852.97,4
Indre781,0x86d2c13f40e6dc4e8c407d0776aaffb03f46d449,53275.06,1
Vakare782,0x55d96f80fa3a1bc5c1dc30315547ac5550a1b110,646134.81,7
Jokubas783,0xcc9d0d66192c04aa2ad874f11f7bf0cadc37cb60,727784.51,5
Jokubas784,0x66942361b92bbac478418babad6d551f2122ecb4,1685946.66,16
Vanesa785,0x62ac335cf48f533d4a25cfb22bb6cb42a41a8f9e,343585.28,5
Indre786,0x898dbdab388bdfe78eb7a913d488609d29f27e7b,214879.92,5
Indre787,0x39634a50cb5c2c0e2d5d40e5ed7f4d20f334455b,357277.81,3
Paulius788,0x4307e5583f413f9e0cb1232e2b50230129ab6bac,389995.37,5
Paulius789,0x62050b3a903b32003e850ddc284b4459b749cfad,336704.44,2
Matas790,0x04499303e25dd784071ac386606769b1b91509f3,763741.60,5
Tomas791,0x901e9b2dcb6b9cbf16afe019376380c163450c07,234242.99,5
Tomas792,0x3f94456b3980b601a3c82157caa491cd936b036e,568886.32,4
Paulius793,0xf538c1fad3a548942cef26813e585c12d631c341,367591.27,6
Vanesa794,0x0955169def4b63951171b12ef7fa802b1ffe87e0,76971.93,2
Margarita795,0x34e3652e5f609a9b73db7527695aa9ea6a50de40,46255.24,2
Margarita796,0xd4f43c7b05b5a5a301affecf12a07fff6c427d30,300645.43,2
Andrius797,0xc9583bb62d58a46efbf75e626e15f3f5d40e75ee,680820.92,11
Indre798,0x87161676787e744318880282ddcbfcda113e77a7,82479.94,2
Tomas799,0x2c6ee71f3fcafc68e17a05b4bdba0f795f6805bc,703306.77,8
Matas800,0x8e81a524783708f1442b8691d0ed37cf15a6b581,692112.93,6
Egle801,0x8d0efed18aa3650be1b0fae8d0bd079e3208d3e3,473001.44,4
Vakare802,0x55b32306e43b078dd285dae64cfcda3cb10f0d4a,334469.81,1
Margarita803,0x6a8ca525c1dd912735671e17c98c285f62fd2231,30012.65,1
Rokas804,0x20fd982bd0cc73214fbdc4170e0d42a02dfa809d,1019868.20,7
Indre805,0xc50e4b7844e01b267272df906dd494df2d050eda,1361251.67,14
Egle806,0x7f08593fcdf7b61198e5965189e65dc05da91e0a,174143.25,2
Gabija807,0x900a89e31deb854c1e13098d4a554f5a768db4a4,309757.50,4
Rasa808,0x9a7d4d91db3bbee5779ac5d93c59e8b9242fadc8,595164.53,8
Patricija809,0x9b5784aa38bc7da4f7f0fdb2441948a557ffa00d,1284034.98,11
Rasa810,0x1f504ea9697d4a5fecacbc432970428d16298aa8,13597.20,2
Vakare811,0xdf8f0dd4b3f1cf9d117ec181cb312a9fed47d57f,291886.04,6
Marija812,0x4af7fb9c4bf14c35822cdaca307c1a0cd9ba01f4,169728.16,2
Rokas813,0xb38d3e440e828bffec613399364bbdf8ad44ee54,947173.80,7
Margarita814,0x7fbdd83eb248eb35faf4e68bf668a3a1b1ace1cb,129211.30,2
Rokas815,0x5b2f26801b8e66174d75ea0811c0431dd4271500,145495.15,2
Rokas816,0x2ecf5ccf848458b32e9ab5692decfeca02d830dd,1181702.93,8
Marija817,0xb0d9a42c0c3f880a8f959d85a11367bf6f4a0952,850055.50,12
Andrius818,0xaa65bc114ad91da4616e9154d821ac760610e6f2,68335.92,3
Andrius819,0x0e17f8966c09c28eb986fcd19f0dc11cd6084a4d,601516.58,5
Gabija820,0x3d63c6aff826129495a5ccfcb5ea914453112e04,435538.03,7
Paulius821,0x86001c91485555fa3e2205cdb496004ef07f835c,528614.77,4
Margarita822,0x26d42b77d6da14662f2dae844931b775f3182571,37051.55,4
Vanesa823,0x1949dec3b291d1b8b9a468db2d0c5681afaf49e5,1434701.82,12
Vakare824,0x376b0604bb6a73647dbac4e6a7d54b8f34e4e4b4,272390.35,3
Rokas825,0x61c745582c49c1b3b26e3a3eb32f88c4989a1d05,1123259.58,5
Vytautas826,0x23ab9fc480d482c991b5c916650d0561fd69242a,291414.55,3
Matas827,0x78842389002d7c59a3a0c4b707ef995e6699aa96,330807.01,7
Patricija828,0x47b8c80282a9bc83b879e211c0680f517d46b47e,277982.65,3
Tomas829,0x3bc3d951539742aadf8dba889f8c8cc1b30b4ae0,151521.50,3
Marija830,0x945762fb6f92fec2080817d894b80f61149ba2c1,275392.84,2
Paulius831,0xca821e9d83ab0336ff03af16959741c18c0f52de,224687.92,6
Jokubas832,0x8da0462f30389790bbca010d3497b56d617841a0,188923.70,3
Vakare833,0x70cbce5d9f58653ab2ef74cc346784c479f88af2,507028.49,4
Jokubas834,0xfec1d9f9755b9794daaf6bd39b03f1f54fa276b2,114353.07,2
Andrius835,0x57a1b9c1c9a452dd75b60dbb73e162b14aa56a2e,481897.59,5
Vakare836,0x079b310431d94320469cdee6f8a53e6fceca7c09,320666.41,5
Tomas837,0xd4a366d51409269c2fac743285f2eaa6352072b2,612855.21,9
Rasa838,0x1055b6e26919c3630f8c0a092c43f33b61124641,99406.77,2
Patricija839,0x42673598e3f3f7f4ef6626d69d5f3a2b87c5ce06,20707.38,1
Rasa840,0xe15fa7b5246c76f68db527a884b389e7d1a95315,944505.53,8
Mantas841,0x923291a68107edcb4c2427c3da19b23919b4c972,51398.59,1
Andrius842,0xd6b4afa9fd77b73f32be7e829e33c955c74e2867,927251.60,6
Tomas843,0xa2edf8fd00d0da06618ea721e65d8e0b90a6d48b,1352406.70,15
Marija844,0x18fa5ce8f91e912b33e7f7de817a25f474cd82d3,236818.97,4
Matas845,0xf6a7aee46f5d935008d1306fed171a9a2e06ee1a,1066506.24,12
Ona846,0x9276cd0bef0ce20e496cbcafd0b95dd1f8f39188,56885.72,2
Paulius847,0xf492d9c50d04bc4b26bac4c174e5fa1d7b6a2163,250373.01,3
Laura848,0x730948548904830c050fa3a20ebac16a37b89ce7,161681.74,2
Lukas849,0x9940fe749d50e35d33dfb9c093dfe9dd9f3b1cbf,1848987.59,13
Vakare850,0x63d9eeff7d0255a88b0972be1c8e37e6f1b5fd41,1705.44,1
Jokubas851,0x1a65920d8b075ef65dbc9ac2885e5b5b91fb9a92,783803.65,10
Andrius852,0x6452e014ff92cbc0928d9b28dc5e6951b6306f82,134657.48,2
Mantas853,0x3928ab11f8ecbe51ed3bce338a0079a1839670f0,14220.78,2
Rasa854,0xcd4e98f499b4b05b18830af4e2dfc033713bea87,152823.14,5
Vakare855,0x6ce16918b2f95cd917ad4aeeb1f04fb2cfa63aee,423393.89,8
Patricija856,0xa6961a851dcc564ee31313f2e051ff3404b9d597,330313.37,3
Gabija857,0xe87417dac90a2eba8456e839a6bd1ed843245710,18334.56,1
Gabija858,0xcb7a94ebee5e15d90f7c942f7a0bbf0d105418a6,1253897.54,9
Mantas859,0x414be8c7d2b9890c5d108c39ff061a19c14ce632,236056.90,1
Indre860,0xf77d967e7662e150a91712c93bb22031a439ef7a,552646.14,4
Mantas861,0xae0411d643f02195b0569871a1582c201bbd3cd8,132464.45,2
Vytautas862,0xa63ca2386ba9e3f42c8c5e0a4bb0ca611b0e871d,11457.58,2
Vytautas863,0x09b1ad946d6d7ca1f7a058a6fc7e5bae1f70009e,765269.21,8
Tomas864,0x2ae39e68d5b3e6c0aaaed40d04122d39903df5db,224027.79,5
Matas865,0xfb1b65ac344645f7cc581d34d4276cd3f9a996ef,448510.28,5
Gabija866,0xeea74cd02516a8c3c832e454f1b6c3cc3bed9504,75973.33,2
Tomas867,0xa5ea75241cb00b30a549fc42cf826e4f9f3a31e1,24485.00,1
Margarita868,0xf8fc9aa2f2fc945cd524b427ebce3cda1d3f97cc,210035.20,2
Rasa869,0x0e0b618d73fec11d2ade081b2f817a55de11b2f1,14727.27,1
Tomas870,0x0b98953bbac03e2dd84d8f4cc0b76b58099fbbff,909622.62,8
Egle871,0xe8ea6e47a5101e92384f6b1bad58416ddbe98aa3,486702.66,5
Andrius872,0x34489bb94536a0e8f6b51b20af4c7542abb083e1,420412.15,4
Gabija873,0x21154d785979ed67e5d53d6c37a852aacd87fe26,418371.29,5
Indre874,0x9db0e02adb280d8711dc944c14e89796b218e13e,278674.84,5
Ona875,0xe7d962cdd1bad50a7dbd6900a479daa5f2d509b9,1306627.61,14
Rokas876,0x42229f21b8a7c35c0d8251dede5f529ab85a83bc,266188.82,5
Rokas877,0x1f85c687f5d30105985f6b36035bf7afae7ba591,48502.28,1
Tomas878,0xe7ebcf8fe3e5ff5c2f9829d06c91069db2700173,735224.64,6
Margarita879,0xd630ef51f6473bce7849c197dc2d2b5b91a3b60e,97098.93,5
Rasa880,0xe74b781119b199f6f0caae0e571e1e7746277f22,703007.71,5
Patricija881,0x02fe3fb034c2b474dbe5e3da9b3a94aca6281e33,899743.91,8
Paulius882,0xba398cf6b9163c158b018765ab8add6cd369bf27,673223.95,6
Egle883,0xdd9626c7fe42ae0a4e49a9635be0ba78783e3b59,393856.54,3
Mantas884,0xbbb7610d7f550b05d0f81604c84c6411913288bf,658266.31,5
Lukas885,0x43c11f6ccd0dca802ee508df723009c771fd73b4,1660958.19,16
Tomas886,0x9a2017e5d1a780b2ee8b20fc6f5ee1425a90d5fa,427057.67,3
Jokubas887,0xc82b5cb5d675c572d1a58ef634a04aabf17485eb,189407.17,2
Marija888,0x962e97c41c7d2a3a3383b4163ba8e03128345b12,249193.56,2
Laura889,0x69a3f45fb9273f5ec3020d54447c6946376714ed,135632.98,2
Ona890,0xe05d6943aa01db84913adf2929bbb978506d8b15,193798.64,3
Mantas891,0x61e1c5a5099ad52f710745a111b902e99eb58fa7,649695.39,11
Egle892,0xbd6024639882d92943863b092e69ff261c2f8968,145566.48,1
Egle893,0x7bc7809f8045f90e8142c7684735dbd8aa44bb95,1556982.13,11
Lukas894,0x3ce77356e3f484c2a3744cc998b037f2c5c4343c,236751.27,3
Matas895,0x46318c29e7feaddfd8ac0fd61adb86ab37e441d5,513568.62,5
Jokubas896,0xaaf7b7ae0688212501800544b7236080548cc6b3,885489.36,8
Rokas897,0x9f8c06128b13fa47b262d20ad0061716d1d596c7,52044.18,2
Margarita898,0x2f11abb9c804166ebdcfe7a2de7c47331a11d02e,807715.29,8
Rokas899,0x7d724b0270bca8baf4e1d768f808d16a55d72973,555382.20,4
Jokubas900,0xe8896954cda9c8452cdf5da13a63874afa282156,849639.72,9
Andrius901,0x68feb9ffe97a923fa10583b4d8c3196624b18a2b,554978.68,6
Paulius902,0x77689ab19984611a543a0e59de9eca89d98002f0,245674.12,4
Matas903,0x646edfb37ec03c1217a30708ecd31cbefe3158af,134681.01,1
Indre904,0x979c22ea67add2cbddd7f64fd6a9bfecded0eab0,66565.86,3
Tomas905,0xa99e8a0a4e14f26b3c9418b664f40b1aeee9394e,28656.34,1
Laura906,0xf3276d0904cf09cbeb2263c9172cf966ab2fa9fd,20452.26,1
Egle907,0xdc55a6ed34364deb5f953145afc2671aadfaf37a,1459718.74,12
Rasa908,0xe2adc3b12d8430bcfb5c1ab7a0861ee266f6d33b,291379.31,4
Egle909,0x0d6593f2e971c7d4faa97dc3d022775263a24042,717848.04,5
Rasa910,0x146bda82accf266d96856d6caa891396f1134705,467670.95,6
Marija911,0x06e5a9bdd22b3d614a2de1ea49548ee220626f23,10454.84,1
Lukas912,0x30a802949ea9160a644ccbbabadb1f7e66f92da6,326346.86,3
Matas913,0xdc9f1f2ab0ade155b5f8fce3c41983669e5c0853,1206218.52,7
Marija914,0x95b5d36e4fe7d7bfd78000503e39cfcbeaa86c90,279971.76,2
Rokas915,0xf8eb41760c0aa4103dae1540ce3e4f35232a9a26,628929.24,8
Vytautas916,0x2fa114f1d1d7b1b6489e1145008ad6c633ee1d32,739153.68,7
Paulius917,0x055f70eb2c53660ebe0d7278e95d3e37caa29376,269628.41,3
Margarita918,0xbc907eaad7855942f667ff13cb574c79e862a557,855151.64,8
Vanesa919,0xdeb0bdb8f800a2c2974fd08ccaca3a50ca20c029,134532.39,1
Margarita920,0xcd563db2d0c7ffab563580002829b3ee64a80c26,1452772.98,12
Andrius921,0x627d24329686d062f33785f77a6068d10ec3e65d,237834.77,2
Lukas922,0x45e1053044c3ea86f8eac483d8f391cea8636905,521696.73,8
Vakare923,0xf8e924bdf6624e6cd15366ac91fbad6f16b2535e,19320.72,1
Egle924,0x6239db3083d466eccf9d1dda95ebdacbe911dc81,179152.89,3
Mantas925,0xd3d953da0ea832cda2ee243881aa25e04dae2467,117422.59,3
Tomas926,0xf88ad7a48db60dd1a326d2d7d85fefc3eb839272,218298.92,2
Laura927,0x984db77c3f1fa28cf106d2a91d91b223309afb0a,450386.67,6
Indre928,0x3b9d45af625bf21e1085e0998b2eb5356d4a4109,378328.49,2
Matas929,0x26f3152cc93d963ba3ce211bca27f483f2a96fb9,1137691.66,12
Matas930,0xa23deb33246caaa4bfd0c06f6d1a21fdad95011a,58306.94,2
Rokas931,0x878a76304e34dd234f7eeb798ee7c3b67bd1b691,63862.67,1
Lukas932,0xa6a9e477cb8102d2b6c38c7507aba9b53ad8be45,797418.28,10
Vanesa933,0x07d7124c0ce0de4bea3978d4f2561990c8377c22,306340.47,2
Vanesa934,0xffe7d7f9fc08bb0fbf1c75f1eeb9d892c20b2bb1,661742.85,5
Jokubas935,0x80f380eb41b59ab48f3bd00604defc88bef4d34b,688335.85,7
Gabija936,0x20b5647a426771ee2cdd237302f77804fb15ba0a,210034.78,3
Rokas937,0x3211f6b7661564c92515604a1f72a21c2a7d6c3b,166309.64,4
Indre938,0xa774e7299b4f8b84997cf69b0fbd9a0f0c15282e,68110.65,2
Mantas939,0xd45b9fff3b2777b62a55234773e7d62b711fc3df,693257.30,6
Paulius940,0xab33b4e217108f6ad3d332506be4ddf136d3239f,534519.02,6
Jokubas941,0x57cac6801c4c3b8b9ece3f9d70a99a37245f1a83,387801.03,9
Rokas942,0x300a94287096a38b76d6e4ba6592c015c2bdcd48,47292.07,1
Tomas943,0xd304cdb991a9b242ff33f8c05a7a5066812212b3,34783.63,2
Rasa944,0x91e9c5131157a1888c44cffd63488280fda08cef,393117.39,4
Gabija945,0x9415084e7dc38a20938f50dfc77fcffb9ebad9cf,68139.41,1
Egle946,0xfdbd4048f82d0b42cfb24f606619581d2de5e830,261958.85,2
Matas947,0xf54141aab901221d88e91f25fc9287c3d1c7f419,1272703.67,9
Tomas948,0x3ab6beeebf026d9d60042ec9a5c50ee7a33bd8c4,1423506.64,12
Vytautas949,0x6d90987d04889737f17119c89fd88e2ab5f7d53d,821288.23,8
Rasa950,0xa45e13400b1821a7d848214af9f9083adabc25b5,369036.53,5
Laura951,0x716eff58e6622ddabab71ceca07437410e2f79fb,48336.19,2
Paulius952,0xac873f1d7cf716f30b119ed6949729bf7575e46f,108693.29,1
Margarita953,0xa97778b65dbdfcccc246a168775c28f56f7e0ae6,1473412.72,10
Rasa954,0x68d8a48259470ae04691e77e97051f35a24fdfac,236903.31,3
Rokas955,0xe6da2f93ec10d7da9e86dfbd05a81592302115f1,79563.60,1
Matas956,0x9ff2588146f5e97b9fad3f620963a07ff33ebf02,381195.79,6
Rokas957,0xc3c963f7407b82a36de52319377e197093c858b6,70551.09,3
Tomas958,0x3c1132b07f1eb05f59aa4e6e758c66cf9e85598b,1523668.30,10
Vytautas959,0x008c1129377fd6b9e3ca569e2f9494ef1ee47b26,417314.12,4
Laura960,0xe00eca469c140d48aca924681bd3aa9d68c48bb9,90273.84,2
Patricija961,0xf3221a1f484d9ebd86feebebc4f2b6bd5744b0d7,481517.07,5
Andrius962,0x846f5e03bad3052cd85d27413eaddab491c37288,467608.00,4
Egle963,0x800117414bdc6d00fd4cfdaca0fc6459d8bcbd0c,768567.07,7
Andrius964,0x51fb6cce350f5ea46983007a8c31eb4437296350,1506067.89,14
Marija965,0x6e97037decbd896727a03e3f80a60b166ee38509,434385.87,4
Patricija966,0x8dec55b79bbe2ceb34bbbf62be56e5d523956b38,9753.90,1
Vanesa967,0x197c5adc94712b82b65b15f9420f699c269975b5,229088.66,4
Matas968,0x72806585d0e02da5d531550ba3fa849317de0aec,58666.23,3
Ona969,0x4ca092a888277c5bdb9d6a437ee7da5d16785565,462353.26,8
Gabija970,0xf149dd61e5cd0ec6cb0722896a5afe8674b0346c,822566.58,8
Matas971,0x8035a38124095e3aa564db68fd4971b20d4a593e,419004.53,5
Mantas972,0xaca7b53de47540e10d1e3965aa9187a123fa661a,461634.45,4
Rasa973,0x31285abd464271061d1d1ad0d17bae2b47ad0cc9,912117.91,9
Paulius974,0x32a52400467a9eec377c78699cce5d3fec7f8b4b,504350.40,9
Margarita975,0xaa4093e00c3e4932bea36ba04cadaeec50618164,1965781.72,13
Paulius976,0x8142ad18ca7b7449a5daff995a59315ba8b6056f,884140.01,6
Egle977,0xfb7c800d79450605b1d3f9a5042179aed0cf65f2,870450.93,10
Vytautas978,0x25fcb2c4987a19a36b50c171dd4f296e6c282233,39073.87,2
Vytautas979,0x8c787b179dcba56897e3f1e7601dfa6b68b27cc6,526093.23,4
Marija980,0xe97ca771588d9abb4fb3179f788d9ca84f52edbc,141710.52,2
Vanesa981,0x908d0ec7ef6685f9add8c1bc9b08e9b3a3f0dd69,1424649.18,12
Jokubas982,0x5b9b877326762ae68362172e6d3f6017fa1c7810,152067.09,4
Paulius983,0x4c4edf333e63fe832cdf97aecaf27f9c096979c6,68775.53,4
Gabija984,0x6092edad9fda55e3c8cce8772f90c082fae4aa5d,55058.80,1
Mantas985,0xfa2d80c8ae7480eba8579377c8d45fa9986153fc,132881.40,3
Vytautas986,0xb104ee2186b1c6a2d8c56072ffc936aaf07c3ddf,408318.37,4
Ona987,0x6b7c7bc815e177a6f765670c46b2dbcfd2b7b01d,192052.57,5
Matas988,0x196ae6c7aafedc9e75df7a1b39058764875a2dd2,1721385.15,11
Margarita989,0x466883aff60fbafa6fd5032a802b4c6cfd81e7d7,535926.09,4
Margarita990,0x3273174b8cd5c6ac238b9bce553e831d1a540bbe,281234.55,4
Vakare991,0xbdaf169a45930c3cc95d3d860009e1a31f565955,695178.43,8
Laura992,0xa85c9630c0d560df751b5f670c7dc01ca69bdbd0,259209.16,1
Jokubas993,0x0d5028edb28b0469cb39c6c1c9316439a33baebc,100450.25,2
Indre994,0x636d21ffcea7f67dc3b99315059bc83e83b5a0a1,200620.16,3
Vanesa995,0x28bfbae444edbd81fcc6437a61aa8b0f09d05b6a,421918.35,6
Vytautas996,0xa3e6f96b1112e8b2849ebbb34e40e8371670d151,175430.70,2
Matas997,0x73f13256a06451f6b1a723585733c2e57842b473,1106377.38,12
Laura998,0x48ad2568a67afdc312b97ae8c84d292819c85484,1094332.69,8
Ona999,0x0ff01f577ea420a9a1668adb7f0fe46b56a2ac3b,161222.65,4
