TxID,Sender,Receiver,Amount,Timestamp
f4eb5399c8541f3e193ffc627d0b9f8554014c670d4ccd47ba037350a5782b40,COINBASE,0xe62ab063f6c1cfe2ecf611d3882c51c10ed2db3d,50.00,2025-11-04 23:42:11
ed883bf8c838869ac3823ee23b301fac2194b2b8f2365434d17210de2a8d80c8,0xb1cc991b53b1f1b832527b2de917ad26d48d521b,0xc1e0420ed59b01d7f1a6f4d33612462b785ca2ad,107159.29,2025-11-04 23:42:07
3b4e9ea0a79624e0ebd6e9eb4872f07fd8c4c2b758f41c3aed80afe2fe0484f1,0xf68663acdc8eec4127de7d8e953c8b6c5cf61960,0x4705f6e00bf26908dc4c0910b237cb1a800f4fcf,120824.34,2025-11-04 23:42:07
71bfb176607dc57f2c807167bca17e6084b788bac3ac6d05c8fee6dc9f32ae33,0x32d91b3f937bf1b55f5bfccac8fd6a3f8daf1e87,0x89b4e393f2b2ccc569ef26acab80ad6a506c8033,89181.62,2025-11-04 23:42:07
c9afdc5c1bebbc9c5494a7570bb95d57c98118406274330ef3fa6ebb3447ddbb,0x146bda82accf266d96856d6caa891396f1134705,0x0eac88a5ef1984be3ed1da24e0359fc037a5c693,394991.36,2025-11-04 23:42:07
65b74c84e727c01e61f0018b79e4df2c97a97ae92217c325315fe91cebceb02a,0x60c0846c9c068bd97e3641a2228f8fd67aff232a,0xf7804b5b38f278dd80a5d54c1ce5d0520a7ffc4f,6365.39,2025-11-04 23:42:07
355fd21be6ee8c94b02df61ab4fe8db4e070f18d9b09dc11613f94cdf0341c57,0x85bf1b8c14891361928b7e28628d19a6eaed34b4,0x75a7d3dfb307429bb6a195e2de036b40953d36d9,252032.62,2025-11-04 23:42:07
c1d5937516247f02519cc3abbebac80c9383d5d327b9dd611dd331fa7ae2b2fa,0x39100521b8fa4a2a6d5efe471d79f56ea898eaef,0x66b2893f84011a9e85af757ef5d57011ae0a1649,149984.72,2025-11-04 23:42:07
fd1c5e1280fba50ff2374767209b019d1eaf01fb6f5dfe76f78f6e502b01b989,0xd20b46c4ee15694515554a5940b6f369d66a2fa7,0xcc9d0d66192c04aa2ad874f11f7bf0cadc37cb60,377688.49,2025-11-04 23:42:07
5849cac5ee9303159ccdb5aaa17b2d16d42f79dbfd52c8def87ee20ba5ae3723,0xf4e94542395cd0bebfeecb28004ee112e79be481,0x7af4c349fe11f42485ea0cb5c52baf4ad5327965,21562.75,2025-11-04 23:42:07
107a8b23f4e330fb45129b27c326f1bfbf043dda8cf71d6b2945ffbc6c298a60,0x6a57629740c7cc4eee5d74c86a0b1294890853e2,0xd3a895b0e1ab78ef636c7ed93bed83e013bff582,36175.58,2025-11-04 23:42:07
9f8b82f91c70218dd8001f2a128ccb0db1c091f9a842d93f3ab838c53c709564,0xa6a9e477cb8102d2b6c38c7507aba9b53ad8be45,0xac42f203fb37336e4c14efbab093cbc3f7894b59,203.34,2025-11-04 23:42:07
92a813a801a62e204747c87e2ac38bca0623b8c110c1ba9489944e3dd7d15eb6,0x54aab89537d32983ef3197aedf69501748639c98,0xb104ee2186b1c6a2d8c56072ffc936aaf07c3ddf,158628.77,2025-11-04 23:42:07
1a967b5288cec9fb87c8e5bcf470ef03cc70dc5164059e49806f8458bc193382,0x730948548904830c050fa3a20ebac16a37b89ce7,0xa45e13400b1821a7d848214af9f9083adabc25b5,97041.85,2025-11-04 23:42:07
4eba50fad539edcc1fac4f0815dc6e4cac3a608d1865d63ad153729721ba55d7,0x4d861f6bb182835437a1c907e153d445f23ba367,0x73f13256a06451f6b1a723585733c2e57842b473,1483.52,2025-11-04 23:42:07
801ff6e5c37f10f9ef7e2c0ae6f4c1bab6fbce0f86e6c20175bc6b6662dfb172,0x31a91f45db00f5f4acc902cf8c6a8692a953d628,0x1cdcec507b86be91ce84644f131f57368f0cf707,394146.31,2025-11-04 23:42:07
213bcd0340f3e18ae1465f5685474ea27725e6c3f3a62d4ee8de206c92d43807,0x529678659562d6f05fbaf9b1f1b97dd0defc7ba9,0xcd4e98f499b4b05b18830af4e2dfc033713bea87,19945.22,2025-11-04 23:42:07
3d7ae99c5ec4b7d072b5f5dd8d73a3a73fbebf44fe1d3d8a260abba4044721a0,0x31f2a58c4860dacfa5b3f90d817ba5a224024034,0x8d0efed18aa3650be1b0fae8d0bd079e3208d3e3,120942.26,2025-11-04 23:42:07
2d0be97d28b76a6bb7a70b8e810e9285d0a09f542938e7538eca67ce3f4e3be1,0x2c6ee71f3fcafc68e17a05b4bdba0f795f6805bc,0x7b86edbf17b82c7249a9ec232661f522f4e44a35,9668.62,2025-11-04 23:42:07
be23f384170ed2811dabf41bb98a7ea87c4adbabd9d5ffae1bad2d0fcddea1f2,0xa6744ab09323a186bb6eeea904fc1b625aa3cd0f,0xda18499832fcd4118a6dcfd40a81455206bba9ee,79180.85,2025-11-04 23:42:07
b6b3e46e472563ef7a124a546e1f4bdd5e7e5f266c2594596e8b89ff32aa521c,0xb189d4f2ae3f26fd1cb79b8a843eb707127692cd,0x93e8690b82ef8b63599c53c58ee39a444221d048,341563.16,2025-11-04 23:42:07
0505cfdb8e4f96a111798d17153ceabd9f63e3fd84266eeb15bc163394d6775d,0xbbb7610d7f550b05d0f81604c84c6411913288bf,0xa28eafde59c255e7cdbb9970970110eac3abb62c,133804.13,2025-11-04 23:42:07
24702febf3b368e5733e491daf3fca534c076c018225f36b70b4c2ee37d69a69,0xbf7758159880e5f06dd1ac6c12ae3ac6107f2847,0x0eac88a5ef1984be3ed1da24e0359fc037a5c693,206233.41,2025-11-04 23:42:07
094366c736cb56dd2c97e599ef09d73adc87e6fc0764f11c08e9e55d3d2fd368,0xf8e924bdf6624e6cd15366ac91fbad6f16b2535e,0x9dc3dd9f31aa51fc1f8c9f485e59b86fe7792cd3,322100.17,2025-11-04 23:42:07
731e7cd35ca166aa885203e6e00a2879ac5db86e5eae9b26a3e1afd8899dbdb7,0x0cb63688868073f3467dba452167c68d58daf7b7,0x4727420caf2daf1ad052fd34deaa1a4afeedf45a,64769.50,2025-11-04 23:42:07
1be9ee29be8ed4534db3716cef63667177c0b77f12abe888f23466088c1afd7d,0x3759bf430e58f06898a51fe7d343c6ab3e92d06b,0xf4e94542395cd0bebfeecb28004ee112e79be481,36872.09,2025-11-04 23:42:07
f93179a9d2a7ff7ce32e34bfdef44c6e2eb0392b2e5eef3f4f6ebce25196220e,0x5d1d4248f31ce1cd4c7e9f0afb08f4cae8d3c686,0xaf082e68fc19e4aaea337f99f393b5a478aa2b27,47837.91,2025-11-04 23:42:07
fc9862e42a623cf38dd2b60beac7b4ca673787d937087ee1a58e2d1737191421,0x4d2d62b1017ef9ca630bd84467815945c17dd44c,0xbf7758159880e5f06dd1ac6c12ae3ac6107f2847,225808.06,2025-11-04 23:42:07
6a3af762142de4e054e2a4f1ab9da22f8ca5d0cf1037b6a163567f562b35792f,0xac2d2b5f25ad4c4b7c1b007f033a5f88f73229dd,0x64b6d98f723ad8f901af70c619fef81082160140,139118.42,2025-11-04 23:42:07
d9c96aeb6f98735cc192c7b1e5792b6dc2a6d2c72dd7dd6c0d3b4a667109c89d,0x51b53a45b1b5b1dbcbd94484be07428fb1d7b259,0x9094cf8a16bfa56f9c85f72d7663276ea09d2d79,104826.75,2025-11-04 23:42:07
c5ba21c0133057f903df8d588974177bfd72f86f6ee948a2c520d3fe3e597ee7,0x54aab89537d32983ef3197aedf69501748639c98,0x31f2a58c4860dacfa5b3f90d817ba5a224024034,21848.49,2025-11-04 23:42:07
3ab92f30e29b4c882933904a1d8013ad927b5ecce0c3c549487bc056bf25266c,0x3edc759605b60b2a3c1d4cf48dc141005a9527ed,0xa63ca2386ba9e3f42c8c5e0a4bb0ca611b0e871d,45308.57,2025-11-04 23:42:07
ec31750afe7c49ca50f68c9335d5bf0b9c0a884c00a54ee92176018ef2573057,0x466883aff60fbafa6fd5032a802b4c6cfd81e7d7,0x04158555a3b5b9c6e630b4dad78f47f8ea3e299b,87180.96,2025-11-04 23:42:07
3cee1339fccb23225b850861a711646250f4287290e128aa9ff213b8bed34c06,0x1d7ecc299a9a2fcc47fa24e90c2118c80430864f,0x0cdc1b11718c2928291c7b78d5f530a0570a70a3,229313.00,2025-11-04 23:42:07
e7bf7131fef070ca736ac0162e96a13a3959973d66542ad745f3fa7fd1e57c48,0xcc539500270f7ac2f1b25327650f9318e6aa1f12,0xeea74cd02516a8c3c832e454f1b6c3cc3bed9504,72048.60,2025-11-04 23:42:07
e8b5edb77bc9a7164f7b39a87a227576c36409099fb14db20f7042cbe194a75b,0x7278350dab181e99a08528d27117fdbbb82125d7,0x3195bca35b8a6cb2a0dcbe28a4bccfe5c30fa4f6,53700.76,2025-11-04 23:42:07
5269a588767e8c1163d1158f180c4ca3a06ebb346f9c8b926bd1d259a6be9388,0x8d0efed18aa3650be1b0fae8d0bd079e3208d3e3,0x1c3a4f4608bd348f939271c4b4fc900efff3c64b,78948.83,2025-11-04 23:42:07
b1618f554f9ed0ef6e2971a3386a9602fd40e767e1239f30fad654bc074e80e9,0x9d0bf5a46abdc92d915604d400307eea41d0d379,0x3f91e0ee31f8c26ef8d88122c61e5ec2c0435f58,178508.40,2025-11-04 23:42:07
7669f0a1afea277951c2322f95e7ca912d176114bbb291bf07e226134ec7dee8,0xd4f43c7b05b5a5a301affecf12a07fff6c427d30,0xafb8fc15cce873841d978e0fd3b37303c44cb60c,217692.06,2025-11-04 23:42:07
709f0956bc501be3ab5413a886dc734b624cac9dd9247cc714a0d1d2398a96ae,0x7192e62bdd05ed40de7992e02bebf787c7df1ecb,0x56cb5c66a0d2795df7c1532b5e8c050187307d56,75821.06,2025-11-04 23:42:07
7c79a99fa53e77be9eceb6cd41a24e23a96989f393d01fd4395461fb2e57603a,0xffbdbddc6861f26de0b9e009a546d939cb8df3cf,0xa07d9cc2e90eb8adde128fc787e5ac308deabc06,264534.04,2025-11-04 23:42:07
7ae9400c48edd0dc9850d17fbf95773e9a06299b33181999c12a37f2007ff558,0xc0419ce14c602079fa706764f3ff1d56916f4e5a,0x42673598e3f3f7f4ef6626d69d5f3a2b87c5ce06,122561.20,2025-11-04 23:42:07
848f0bd5a62e4ac22654f0dcf30a92f7cb6ae786708c0cb418eb4e89ca4a8c41,0x6111a892371dddaf53f322531a14dd6d2dd0a2d7,0x3c8f2b560a6072ee8a1f21690106d93594d4b5cd,449165.03,2025-11-04 23:42:07
1e0a38446617d27e34b71cb2168234409f0b5901639c6015a6eb0c8a23df42e0,0x2ecf5ccf848458b32e9ab5692decfeca02d830dd,0x962e97c41c7d2a3a3383b4163ba8e03128345b12,21091.41,2025-11-04 23:42:07
9886a2ba3b56c809fad317a8a162f4828fda16d1f21430d618b5a0b03e629d56,0x8a3b382e142c5ba9edd54a829d4f30d0096cbba4,0x5939a2b7b52d55414fc581cbe455e5c091055dab,31098.35,2025-11-04 23:42:07
5c31347367d57cb6acfc81e6ae0a194d77218c0ee2c25b8a7b9e6644d84a8c95,0x7e1a7a828cd341bb139827337cc2674c0b025eb0,0x0b90169761898206aa24a0c2b836e256cca6ed2c,22294.29,2025-11-04 23:42:07
2e075e886608dd02e309285d5dd7836dd8f14b48c4f68c9f1c3d513c74ed0082,0x50e60842cdd3fb208cb471a4dd08211c798bc0fe,0x9c17065ab4acc44e20265a309bf6ad2c7c3f8fc3,111375.24,2025-11-04 23:42:07
4f5487723e6881de739cbb438fddbbd251db4bba8242b0b1febd331fb9da4ab4,0xbfb601b8f5201f2a778241d8922b92699e3d38e0,0x7aad37fff10a06d1f0afbaa58f8ed80bd138c794,376774.04,2025-11-04 23:42:07
d307f5764e466ee48a9032402c47113c6d515fd8db0abb9c864ade50a12ca1f1,0x1d071b9b4f150ee3749f1bd4b2bf5f3cdb5ab803,0xecc79f6eeebd3e75d7b633d4833fc95e55bbfd1d,238655.52,2025-11-04 23:42:07
58e962f8bf69116a2beafbaf64d5e71a3e555ba83a3197dd28da2dd401c27958,0x2b23dc422fd030a24764346affae067dc0a71531,0x45e1053044c3ea86f8eac483d8f391cea8636905,63850.42,2025-11-04 23:42:07
a9e9b07e642df05f2dca58284ac653ec01eb3c8fc84468c75f3347daa846aa04,0xf88ad7a48db60dd1a326d2d7d85fefc3eb839272,0x75a7d3dfb307429bb6a195e2de036b40953d36d9,131362.30,2025-11-04 23:42:07
c23c7ab66f7009613ae9bac8e6cba9f1e92ad78ab415900e1cb4a4496d0aa92e,0x9b86322271ebabdba18440512d550ba7cc55ebd3,0xb1f1b07d623e569115d0d0f2839e91c7e714eb02,169816.26,2025-11-04 23:42:07
2e55ee17b253a039cfcd1fbd62150607998b42c756373f74e5c68e11bbd61f36,0x0a2b102e85a11200044f5647008be01ed28afd9d,0x4cc2235ea808491058a0327a985a00ab4aae7dc2,20113.18,2025-11-04 23:42:07
3617c8c22070a8adaff27e476a54706d00c88f0aadf6ffa9b8dfb3bcddb7ca2c,0xb676c868b607abc2b468acfd5e9e8e1cd56d38a1,0x758ebaf018aa6f4444ea590d9be1374d226b74e5,48528.43,2025-11-04 23:42:07
624f8faa46bd6eebc2de2acc9e656d7392f7ffff21521cc9e110a8b98412c88c,0x6d805b619009b727d0fa91b3c9ae63262da0ccc9,0x865c6eb9ff76f09ab480f07068ad689728e941b2,82547.74,2025-11-04 23:42:07
9f18bbcb158b3dfa9727e76b52a294c8a4da94c8971f9139a4dd8a508f5f9b6d,0x7d724b0270bca8baf4e1d768f808d16a55d72973,0x39e6ee8cb63de2ee527c79bd9b996008ff3384fa,178681.58,2025-11-04 23:42:07
da54a06895dc5598181ddbfe3524d380f7bfc7a200b49777aa5002ef3a7f5833,0x09b1736c15d47b847f3f46284328d3bf1ca07464,0x18979fa574493125d8f89346e827f8f5cfc60fe7,163038.75,2025-11-04 23:42:07
6cf305001c6b10d7d848b117224860d9dbcf1ddd6278be28a872786bb613600b,0x62b62b871732da7900481cd5c1303764147cd6af,0x0a6ade7c8859c5ba2317da8d327b811672065d7a,120398.55,2025-11-04 23:42:07
b33fe1c04ab70d9359a8d9fb524191626bb24055e7d3d8e1554dcc0b2510eb4f,0xbb5adab0a5cc7cbc97b1e394dec97754f8a0e4df,0xc6f78b51822d6ef530c02df8406019dac28fdf76,66741.21,2025-11-04 23:42:07
af3505bf311cd469de669c9b14a8c3263162b712f82922c75236c745da4f4371,0x3305c2839af9ff714197c24a692ce38fe30c5e77,0x23ab9fc480d482c991b5c916650d0561fd69242a,33043.20,2025-11-04 23:42:07
3fe6cc73c4dd41fe3520556c6a0ac22cff6a7aba92b1428914bc6ff8bc4c901a,0x6b58915127dd46bcecf27d7d575659b0b76544bd,0xafd630f4c50560841b34e36f674e3502aaa221e5,101678.85,2025-11-04 23:42:07
cf6dfdfc9de62bf2f900a751921ded3c535f95d3444cd13f4b30d17075150423,0xf6a7aee46f5d935008d1306fed171a9a2e06ee1a,0x196ae6c7aafedc9e75df7a1b39058764875a2dd2,80403.15,2025-11-04 23:42:07
846de3be2699c5a5404c0f0da8860f8735a519ff75f3890a2da2873467e55e8e,0x86d2c13f40e6dc4e8c407d0776aaffb03f46d449,0x091da27411f76ba1468a0609048ec36d4772b1d5,150012.13,2025-11-04 23:42:07
1d52ddb4d267f08dbf38fd03d0420885b7ace9b587915f76fb9052f530c61dfe,0x86e1d6cd1356329ed0ec9402e72558aabf5d6686,0x865c6eb9ff76f09ab480f07068ad689728e941b2,61745.90,2025-11-04 23:42:07
17c33c37c81fe97e8f0db6b5d854ec91da5d779adc126e4f050d08e8c41ecaff,0x3b5106976ba73cd3b095edb4e21e48c7cad98285,0xc342282570d74b915a6a624423547d3e9315d150,130904.12,2025-11-04 23:42:07
2b212b32012068e2aa36ed0cfcff1c97b269abc7ec8b5c0594952719c850b045,0x28bfbae444edbd81fcc6437a61aa8b0f09d05b6a,0x54ccbc70e913366781ae72343fefa69ef26075c9,210998.87,2025-11-04 23:42:07
3864b6f1a373179bef3504c52ef18262952de54eec0c1bcb852cefe8f9eea398,0x53429844bbb555eedf0d182fcab4de6fc8761c49,0xc29a9f01a72941dc1403ddb38140353b6a8cc98d,57543.24,2025-11-04 23:42:07
0e350ffb0135fdb0b618ca77498d23ca066a9985efe957f36263971c87e883c2,0x86e1d6cd1356329ed0ec9402e72558aabf5d6686,0xc29a9f01a72941dc1403ddb38140353b6a8cc98d,14993.22,2025-11-04 23:42:07
2c85b10b4f66727d26e89b08f091ea0ca927b08719a0c33c9959e01f94c900b8,0x4ec5a4715a7bce4ad8591db27b4ad62f59e6ff42,0x111369f5589970379c290b448c262057604018ef,410251.20,2025-11-04 23:42:07
15e8d365496910d8c249f64372e4b0fb378314c0b96fee4980c05532efe90715,0x8af28ff61eb4aee3258509677134233404d19135,0xb3f2e51d72a911cbc4629184d059dd27edb0bfea,68658.49,2025-11-04 23:42:07
dcf0753598c2fa08a6513ff603851bbeebd3b0102d5280109b69ebd59e4f61dc,0xa774e7299b4f8b84997cf69b0fbd9a0f0c15282e,0x06d5abc14e031e853f11ac656aefe7fd349f2662,84008.39,2025-11-04 23:42:07
0467882ef49e4574f826412caf9560c0778b6d2d93f43035396a86e5ba490cf3,0x9aabc5fe65996d008eb4905b65533f57654b9ae3,0x196ae6c7aafedc9e75df7a1b39058764875a2dd2,107553.95,2025-11-04 23:42:07
f66996cef476f68bd09298fd9921a2060d3ea97c7e28ca0510f37b7b4f8433e1,0xa6261bb1a859230f6fcb2963c6678be01aba4ae3,0x42f42c3e56e1695f3dc2cda04ba17dbd352d8dd3,181193.12,2025-11-04 23:42:07
8a2733bda4d38c4107e7839a24c33aa9db5d0af053c9bde8ee01453a88f42d6d,0x752d2c830a8deb3b527e0ba5f7b43c618c81aa55,0x923291a68107edcb4c2427c3da19b23919b4c972,963.36,2025-11-04 23:42:07
0d975e7aef8f1608a96bcf799306bed1cfb36516569243603074cd20cb80c3b2,0x3195bca35b8a6cb2a0dcbe28a4bccfe5c30fa4f6,0xb4ab6166cd5891a3f2b131b02a2f21900d6674de,121024.27,2025-11-04 23:42:07
ff9676c940c334d659296184509783d7653be0e31a80d9b349b01c051e2f9483,0x65adb76c6a6ab265cd73b7e68cd16bc70786fad8,0x18979fa574493125d8f89346e827f8f5cfc60fe7,15258.03,2025-11-04 23:42:07
a0729358bd5f864971bf1b954f9b229afd6cd950c85240100c97acb8bc8f911e,0xd039c7cf91f626e5d1f7d022739d06ba1c44dfe0,0xd4a366d51409269c2fac743285f2eaa6352072b2,84015.71,2025-11-04 23:42:07
9ef4a3550453ca4cc07d8bdccf4d6dab518c9c9ac76cdf4d623f9124aee888ff,0x5d39b4f14c32e148e5a6b0c8c50ac60b875420da,0x4d861f6bb182835437a1c907e153d445f23ba367,75726.18,2025-11-04 23:42:07
9a9f3d41f2456bd59035e2d720f4f59bf2be8042641a4b435d4c89650464b7fd,0xddb8ac7fd98056cccc39f87cb9643829193f0bf8,0xffbdbddc6861f26de0b9e009a546d939cb8df3cf,123013.60,2025-11-04 23:42:07
0a41fe910b89b740114fb6605b4526f7287c7e623f2990b2254168ddbf3efa3c,0x8035a38124095e3aa564db68fd4971b20d4a593e,0x79dd0f18c80ee56c836987d4aea433ada040f269,173810.65,2025-11-04 23:42:07
440d1fc2be2dcf0fa56f51832156cb97dfc8278a40e571bc6fd79d0ba363bd1d,0x5254e17194d8b58b437eb6463205770b7a00c74e,0x8af28ff61eb4aee3258509677134233404d19135,64720.83,2025-11-04 23:42:07
8d2f2a48f72a4b289ad26be5c7b74b137ed75741001aec5ecd393e890ddc6882,0x35bf15b86971deb2d3c7bd357fd03aba73e86a1a,0x0d6593f2e971c7d4faa97dc3d022775263a24042,34583.60,2025-11-04 23:42:07
8410fe5119f4bc0f710ecb78ec35e09ae05cc65ebc7deed6de28c71e4497d381,0xc096ee555991f62fe1de1cf4e6ee7628ea3ac4cf,0x3c1132b07f1eb05f59aa4e6e758c66cf9e85598b,242593.68,2025-11-04 23:42:07
991e022d49ad94b077726a272e113c4b3f35e4b92c54f0ae8da430c49f8dcafb,0x5203e933981ed972ca0abba3e022cd4053a30435,0x9afe54a5368babe47027f7c7064dd2dda89b5eea,281580.11,2025-11-04 23:42:07
9e00ff70b3c0a7a0bd1741440264c87b4517f8cd4ee6fded3438dd8536e85cee,0x87b9594eae7cb769ec695563f21b89399c1a72d5,0x8d0efed18aa3650be1b0fae8d0bd079e3208d3e3,48393.39,2025-11-04 23:42:07
f9a855009b2e54607b0a79d1fa4cc3aa9aa2a4d50ac9f10350019e82658d9736,0x47b8c80282a9bc83b879e211c0680f517d46b47e,0xb826f10d49a3549d71a68a2c3621f1493ae00e9c,108411.54,2025-11-04 23:42:07
fb6b60529d5e44fff3fe2c86ac37e98d635cd05377dfb4569920a9a7b343506b,0x9ef8d7233bff80b362d3f733adec864bf9234b74,0x04499303e25dd784071ac386606769b1b91509f3,148683.82,2025-11-04 23:42:07
e5b2c724fd0e16e65fee3390fc3261cb93ac748643ad9fcc406c21d36167b622,0x3ce77356e3f484c2a3744cc998b037f2c5c4343c,0x155332a4573ef878b50d2d42c250e118a565edd3,294520.74,2025-11-04 23:42:07
a87f7e19488dff41697976d235e2a824d29e06fb6eb2763463fff58017c31572,0xba9a593971f929bc249faa56869a2865162320f6,0xf68663acdc8eec4127de7d8e953c8b6c5cf61960,404130.38,2025-11-04 23:42:07
1834f4ec39d1d1d5bfeedbed3cc9a535bc4ecd1f64c77fd4e58b13e3db21b90e,0x5dc92c4e849e4c803f4f72eb99f65504273188b0,0xb38d3e440e828bffec613399364bbdf8ad44ee54,226674.50,2025-11-04 23:42:07
3746df108bdc21c3c3df163b571d5008375a7a171d00f8227fff812e3665a87b,0x875d920cff96df2d49665a6910b2695e23d352a5,0xd76104c886584d2bf9392f3aceed0d8c8fdff040,270868.52,2025-11-04 23:42:07
354f594d18ac7e4a1dc00facfddcd74247f77b244acccb1a571145ca90118b69,0x4d861f6bb182835437a1c907e153d445f23ba367,0xd107927b346b538d710d67d5238e2e8ef5ee62d7,3926.60,2025-11-04 23:42:07
2f3cfae1b140d9b71701f71e874a0b860746b0e2bf88afc10d49df8c33f16e84,0x28bfbae444edbd81fcc6437a61aa8b0f09d05b6a,0xa5ea75241cb00b30a549fc42cf826e4f9f3a31e1,177800.28,2025-11-04 23:42:07
55151b9dc046eb5f82302f27ab4f081a9108ceb0fc4428c2ba2d52989d734ad2,0x5f052b16c25c4db39747ae42fc96bc75e5c3eca2,0x1f2db25328f0c8c1b1bd14f2df6a2fc2a1173f68,344585.48,2025-11-04 23:42:07
09cd0a0fe05fc03339c2282f37e6da770da8754f7a873a6f1653df9cbca05e78,0xf7804b5b38f278dd80a5d54c1ce5d0520a7ffc4f,0xf8e8a50cc82a359e7005ac762db00eab5c2ca33c,1267.33,2025-11-04 23:42:07
a5cb80b92d1c98fa8cb3cb476f4b4be7d03518f85f79c032ab3ae2041157531c,0xb94570963f7757221438bd225b54d6062c02acff,0xa6961a851dcc564ee31313f2e051ff3404b9d597,368982.35,2025-11-04 23:42:07
3d7fd71bc5fc9f467a9d0f5741a326005f5fac1d6301b727ec868d5f115126df,0x79dd0f18c80ee56c836987d4aea433ada040f269,0x0e0b618d73fec11d2ade081b2f817a55de11b2f1,107859.84,2025-11-04 23:42:07
4dc62e63d13db152c49e59e4a4f9ea2a22d16ab23db2afaa4ef4c06cac1e9448,0xd87f0b2099f837cdddbe542b7af0e153dcecdfe1,0x9c7082b24355681845019621ae28dee13ba7d8f9,36310.80,2025-11-04 23:42:07
1f7490913183368d42aa70aa84a0f902f392f5717bb7c32fc230d60071982457,0x0efc4e6153e93fe008b5003759d798e608ef66c5,0x1949dec3b291d1b8b9a468db2d0c5681afaf49e5,184800.05,2025-11-04 23:42:07
dc60edbcfec408662f24d0aa5e72f0c3536b7fef2c03f5b89aaf16e7dfc1d4c4,0x34e3652e5f609a9b73db7527695aa9ea6a50de40,0x7bc7809f8045f90e8142c7684735dbd8aa44bb95,94370.20,2025-11-04 23:42:07
bb1eb3921820852a49636387ede38e67a4d76c79615d6597469944cdb00866fa,0x15fd95c565ad2171dad9eef32a1d4d8896e13a3d,0x2eeeb3937231b644e17228ff83757ccadf92ef06,166350.93,2025-11-04 23:42:07
